label,seq,groups
1.0,KPKVFTCEVCGKVFNAHYNLTRHMPVHTGARP,0
1.0,GARPFVCKVCGKGFRQASTLCRHKIIHTQEKP,0
1.0,QEKPHKCNQCGKAFNRSSTLNTHTRIHAGYKP,0
1.0,GYKPFVCEFCGKGFHQKGNYKNHKLTHSGEKQ,0
1.0,GEKQFKCNICNKAFHQVYNLTFHMHTHNDKKP,0
0.0,DKKPFTCPTCGKGFCRNFDLKKHVRKLHDSSL,0
0.0,GEKPYKCEECEKVFSCKSHLEIHRIIHTGEKP,1
0.0,GEKPYKCKVCDKAFKHDSHLAKHTRIHRGDKH,1
0.0,GDKHYTCNECGKVFDQKATLACHHRSHTGEKP,1
1.0,GEKPYKCNECGKTFSQTSHLVYHHRLHTGEKP,1
1.0,GEKPYKCNECGKTFARNSVLVIHKAVHTAEKP,1
1.0,AEKPYKCNECGKVFKQRATLAGHRRVHTGEKP,1
1.0,GEKPYRCEECDKVFSRKSHLERHRRIHTGEKP,1
1.0,GEKPYKCKVCDKAFRSDSRLAEHQRVHTGERP,1
1.0,GERPYTCNECGKVFSTKAYLACHQKLHTGEKL,1
1.0,GEKLYECEECDKVYIRKSHLERHRRIHTGEKP,1
0.0,GEKPHKCGDCGKAFNSPSHLIRHQRIHTGQKS,1
1.0,ELLPFACEVCGKRFKYRGKLAVHTRSHTGERL,2
1.0,GERLFQCNLCGKRFMQRIGLQFHQRTHTGERP,2
1.0,GERPYTCDICQKQFTQKSYLKCHKRSHTGEKP,2
1.0,GEKPFECKDCKKVFTYKANLKEHQRIHSGEKP,2
1.0,GEKPHKCSKCPRAFGRPATLRRHQKTHREATS,2
1.0,GGKQYKCDVCGKVFNQKRYLACHHRCHTGEKP,3
1.0,GEKPYKCNECGKVFNQQSNLASHHRLHTGEKP,3
1.0,GEKPYKCEECDKVFSRKSNLERHRRIHTGEKP,3
1.0,GEKPYKCKVCEKAFRRDSHLTQHTRIHTGEKP,3
0.0,GEKPYKCNECGKAFSGQSTLIHHQAIHGIGKL,3
0.0,IGKLYKCNDCHKVFSNATTIANHWRIHNEERS,3
0.0,EERSYKCNKCGKFFRRRSYLVVHWRTHTGEKP,3
0.0,GEKPYKCNECGKTFHHNSALVIHKAIHTGEKP,3
0.0,GEKPYKCNECGKTFRHNSALVIHKAIHTGEKP,3
0.0,GEKPYKCNECGKVFNQQATLARHHRLHTGEKP,3
0.0,GEKPYKCEECDTVFSRKSHHETHKRIHTGEKP,3
0.0,GEKHHKCDDCGKAFTSHSHRIRHQRIHTGQKS,3
0.0,GKKSFKCKECEKSFCMLSHLAQHKRIHSGEKP,4
1.0,GEKPYKCKECGKAYNEASNLSTHKRIHTGKKP,4
1.0,GKKPYKCEECGKAFNRLSHLTTHKIIHTGKKP,4
1.0,GKKPYKCEECGKAFNQSANLTTHKRIHTGEKP,4
1.0,GEKPYKCEECGRAFSQSSTLTAHKIIHAGEKP,4
1.0,GEKPYKCEECGKAFSQSSTLTTHKIIHTGEKF,4
1.0,GEKFYKCEECGKAFSRLSHLTTHKRIHSGEKP,4
1.0,GEKPYKCEECGKAFKQSSTLTTHKRIHAGEKF,4
0.0,GEKFYKCEVCSKAFSRFSHLTTHKRIHTGEKP,4
0.0,GEKPYKCEECGKAFNLSSQLTTHKIIHTGEKP,4
0.0,GEKPYKCEECGKAFNQSSTLSKHKVIHTGEKP,4
0.0,GEKPYKCEECGKAFNNSSILNRHKMIHTGEKL,4
0.0,REKSYKCEECGKSFNCSSTLTRHKRIHTGEKP,5
0.0,GEKPYRCEECGKAFSWSASLTKHKRIHTGEKP,5
0.0,GEKPYTCEECGKAFSRSSTLTNHKRIHTGERP,5
0.0,GERPYKCEECGKAFSLSSTLKKHKIVHTGEKL,5
1.0,GEKLYTCEECGKAFTFSSTLNTHKRIHTGEKP,5
0.0,GEKPYTCEECGKAFSLPSTFTYHKRTHTGEKP,5
1.0,GEKPYKCEECGKAFNCSSTLKKHKIIHTGEKL,5
1.0,GEKPYKCEECDQTFKWHSSLANHKNMHTGEKP,5
1.0,GEKQYECKECGKVFNDSSTLRRHVRTHTGEKP,6
1.0,GEKPYECNQCGKAFSQKTSLKAHMRTHTGEKP,6
1.0,GEKPYECNQCGKSFGTSSYLIVHKRIHTGEKL,6
1.0,GEKLYECSECGKAFNTSSHLKVHKKIHTGENV,6
1.0,GENVYECSDCGKVFSGVSSLRMHIRTHTGEKP,6
1.0,GEKPYECKECRKAFSVSSSLRRHVRIHTGEKP,6
0.0,GEKPYECIQCGKAFSQSSSLIIHKRIHTERET,6
0.0,GGPLCICPLCSKLFPSSHVLQLHLSAHFRERD,7
0.0,GGPLCICPLCSKLFPSSHVLQLHLSAHFRERD,7
1.0,DGVAPTCPLCGKTFSCTYTLKRHERTHSGEKP,7
1.0,GEKPYTCVQCGKSFQYSHNLSRHTVVHTREKP,7
1.0,REKPHACRWCERRFTQSGDLYRHVRKFHCGLV,7
1.0,AEKPHSCGQCGKRFRWGSDLARHQRTHTGEKP,8
1.0,GEKPHKCPECDKSFRSSSDLVRHQGVHTGEKP,8
1.0,GEKPFSCSECGKSFSRSAYLADHQRIHTGEKP,8
1.0,GEKPFGCSDCGKSFSLRSYLLDHRRVHTGERP,8
1.0,GERPFGCGECDKSFKQRAHLIAHQSLHAKMAQ,8
0.0,PKKLHLCPLCGKNFSNNSNLIRHQRIHAAERL,9
0.0,GEEAHKCLECGKCFSQNTHLTRHQRTHTGEKP,9
1.0,GEKPYQCNICGKCFSCNSNLHRHQRTHTGEKP,9
1.0,GEKPYKCPECGEIFAHSSNLLRHQRIHTGERP,9
1.0,GERPYKCPECGKSFSRSSHLVIHERTHERERL,9
0.0,EKKLFECLTCGKSFRQGMHLTRHQRTHTGEKP,9
0.0,GEKPYKCTLCGENFSHRSNLIRHQRIHTGEKP,9
0.0,GEKPYTCHECGDSFSHSSNRIRHLRTHTGERP,9
0.0,GERPYKCSECGESFSRSSRLMSHQRTHTG,9
0.0,HREQIACQACGKTFSDEGRLRKHEKLHTADRP,10
1.0,ADRPFVCEMCTKGFTTQAHLKEHLKIHTGYKP,10
1.0,GYKPYSCEVCGKSFIRAPDLKKHERVHSNERP,10
1.0,NERPFACHMCDKAFKHKSHLKDHERRHRGEKP,10
0.0,GEKPFVCGSCTKAFAKASDLKRHENNMHSERK,10
0.0,ADKRYKCSLCEKTFINTSSLRKHEKNHSGEKL,11
0.0,GEKLFKCKECSKAFSQSSALIQHQITHTGEKP,11
0.0,GEKPYICKECGKAFTLSTSLYKHLRTHTVEKS,11
0.0,VEKSYRCKECGKSFSRRSGLFIHQKIHAEENP,11
1.0,RKKSYLCNECGNTFKSSSSLRYHQRIHTGEKP,11
1.0,GEKPFKCSECGRAFSQSASLIQHERIHTGEKP,11
1.0,GEKPYRCNECGKGFTSISRLNRHRIIHTGEKF,11
1.0,GEKFYNCNECGKALSSHSTLIIHERIHTGEKP,11
1.0,GEKPCKCKVCGKAFRQSSALIQHQRMHTGERP,11
0.0,GERPYKCNECGKTFRCNSSLSNHQRIHTGEKP,11
0.0,GEKPYRCEECGISFGQSSALIQHRRIHTGEKP,11
0.0,GEKPFKCNTCGKTFRQSSSRIAHQRIHTGEKP,11
0.0,GEKPYECNTCGKLFNHRSSLTNHYKIHIEEDP,11
1.0,THKPYECKECGKYFSRSANLIQHQSIHTGEKP,12
1.0,GEKPFECKECGKAFRLHIQFTRHQKFHTGEKP,12
1.0,GEKPFECNECGKAFSLLTLLNRHKNIHTGEKL,12
1.0,GVKPYECKECGKGFNRGAHLIQHQKIHSNEKP,12
1.0,NEKPFVCKECGMAFRYHYQLIEHCQIHTGEKP,12
1.0,GEKPFECKECGKAFTLLTKLVRHQKIHTGEKP,12
1.0,GEKPFECRECGKAFSLLNQLNRHKNIHTGEKP,12
1.0,GEKPFECKECGKSFNRSSNLVQHQSIHAGIKP,12
0.0,NEKPFVCRECEMAFRYHCQLIEHSRIHTGDKP,12
0.0,GDKPFECQDCGKAFNRGSSLVQHQSIHTGEKP,12
0.0,GEKPYECKECGKAFRLYLQLSQHQKTHTGEKP,12
0.0,GEKPFECKECGKFFRRGSNLNQHRSIHTGKKP,12
0.0,GKKPFECKECGKAFRLHMHLIRHQKLHTGEKP,12
0.0,GEKPFECKECGKAFRLHMQLIRHQKLHTGEKP,12
0.0,GEKPFECKECGKVFSLPTQLNRHKNIHTGEKA,12
0.0,GEKSFECRACSKVFVKSSDLLKHLRTHTGERP,13
1.0,GERPYECAQCGKAFSQTSHLTQHQRIHSGETP,13
1.0,GETPYACPVCGKAFRHSSSLVRHQRIHTAEKS,13
1.0,AEKSFRCSECGKAFSHGSNLSQHRKIHAGGRP,13
1.0,GGRPYACAQCGRRFCRNSHLIQHERTHTGEKP,13
1.0,GEKPFVCALCGAAFSQGSSLFKHQRVHTGEKP,13
1.0,GEKPFACPQCGRAFSHSSNLTQHQLLHTGERP,13
0.0,GERPFRCVDCGKAFAKGAVLLSHRRIHTGEKP,13
0.0,GEKPFVCTQCGRAFRERPALFHHQRIHTGEKT,13
0.0,EEKCHKCEECGKGFVRKAHFIQHQRVHTGEKP,14
0.0,GEKPFQCNECGKSFSRSSFVIEHQRIHTGERP,14
0.0,GERPYECNYCGKTFSVSSTLIRHQRIHTGERP,14
0.0,GERPYQCNQCKQSFSQRRSLVKHQRIHTGEKP,14
1.0,GEKPHKCSDCGKAFSWKSHLIEHQRTHTGEKP,14
1.0,GEKPYHCTKCKKSFSRNSLLVEHQRIHTGERP,14
1.0,GERPHKCGECGKAFRLSTYLIQHQKIHTGEKP,14
1.0,GEKPFLCIECGKSFSRSSFLIEHQRIHTGERP,14
1.0,GERPYQCKECGKSFSQLCNLTRHQRIHTGDKP,14
1.0,GDKPHKCEECGKAFSRSSGLIQHQRIHTREKT,14
0.0,KEKSYKCDECGKTFSVSAHLVQHQRIHTGEKP,14
0.0,GERPYLCRQCGKSFSQLCNLIRHQGVHTGNKP,14
0.0,GNKPHKCDECGKAFSRNSGLIQHQRIHTGEKP,14
0.0,GEKPYKCEKCDKSFSQQRSLVNHQKIHAEVKT,14
0.0,TQETHECDACGEAFNCRISLIQHQKLHTAWMQ,14
0.0,GGKPYVCRECGRGFTWKSNLITHQRTHSGEKP,15
0.0,GEKPYVCKDCGRGFTWKSNLFTHQRTHSGLKP,15
1.0,GLKPYVCKECGQSFSLKSNLITHQRAHTGEKP,15
1.0,GEKPYVCRECGRGFRQHSHLVRHKRTHSGEKP,15
1.0,GEKPYICRECEQGFSQKSHLIRHLRTHTGEKP,15
1.0,GEKPYVCTECGRHFSWKSNLKTHQRTHSGVKP,15
1.0,GVKPYVCLECGQCFSLKSNLNKHQRSHTGEKP,15
1.0,GEKPFVCTECGRGFTRKSTLSTHQRTHSGEKP,15
1.0,GEKPFVCAECGRGFNDKSTLISHQRTHSGEKP,15
0.0,GEKPFMCRECGRRFRQKPNLFRHKRAHSGAFV,15
0.0,HSGAFVCRECGQGFCAKLTLIKHQRAHAGGKP,15
0.0,GGKPHVCRECGQGFSRQSHLIRHQRTHSGEKP,15
0.0,GEKPYICRKCGRGFSRKSNLIRHQRTHSG,15
1.0,GKRSSKCRECRKMFQSASALEAHQKTHSRKTP,16
1.0,RKTPYACSECGKAFSRSTHLAQHQVVHTGAKP,16
1.0,GAKPHECKECGKAFSRVTHLTQHQRIHTGEKP,16
1.0,GEKPYKCGECGKTFSRSTHLTQHQRVHTGERP,16
1.0,GERPYECDACGKAFSQSTHLTQHQRIHTGEKP,16
1.0,GEKPYKCDACGRAFSDCSALIRHLRIHSGEKP,16
0.0,GEKPYQCKVCPKAFAQSSSLIEHQRIHTGEKP,16
0.0,GEKPYKCSDCGKAFSRSSALMVHLRIHITVLQ,16
1.0,RPYPCPAEGCDRRFSRSDELTRHIRIHTGHKP,17
1.0,GHKPFQCRICMRNFSRSDHLTTHIRTHTGEKP,17
1.0,GEKPFACDYCGRKFARSDERKRHTKIHLRQKE,17
1.0,GQKPFTCSVCGKGFSQSANLVVHQRIHTGEKP,18
1.0,GEKPFECHECGKAFIQSANLVVHQRIHTGQKP,18
1.0,GQKPYVCSKCGKAFTQSSNLTVHQKIHSLEKT,18
1.0,LEKTFKCNECEKAFSYSSQLARHQKVHITEKC,18
1.0,TEKCYECNECGKTFTRSSNLIVHQRIHTGEKP,18
1.0,GEKPFACNDCGKAFTQSANLIVHQRSHTGEKP,18
1.0,GEKPYECKECGKAFSCFSHLIVHQRIHTAEKP,18
1.0,AEKPYDCSECGKAFSQLSCLIVHQRIHSGDLP,18
1.0,GDLPYVCNECGKAFTCSSYLLIHQRIHNGEKP,18
1.0,GEKPYTCNECGKAFRQRSSLTVHQRTHTGEKP,18
0.0,GEKPYECEKCGAAFISNSHLMRHHRTHLVE,18
1.0,GERPYMCVECGKCFGRSSHLLQHQRIHTGEKP,19
1.0,GEKPYVCSVCGKAFSQSSVLSKHRRIHTGEKP,19
1.0,GEKPYECNECGKAFRVSSDLAQHHKIHTGEKP,19
0.0,GEKPHECLECRKAFTQLSHLIQHQRIHTGERP,19
0.0,GERPYVCPLCGKAFNHSTVLRSHQRVHTGEKP,19
0.0,GEKPHRCNECGKTFSVKRTLLQHQRIHTGEKP,19
0.0,GEKPYTCSECGKAFSDRSVLIQHHNVHTGEKP,19
0.0,GEKPYECSECGKTFSHRSTLMNHERIHTEEKP,19
0.0,EEKPYACYECGKAFVQHSHLIQHQRVHTGEKP,19
0.0,GEKPYVCGECGHAFSARRSLIQHERIHTGEKP,19
0.0,GEKPFQCTECGKAFSLKATLIVHLRTHTGEKP,19
0.0,GEKPYECNSCGKAFSQYSVLIQHQRIHTGEKP,19
0.0,GEKPYECGECGRAFNQHGHLIQHQKVHRKL,19
0.0,EMKPYECSECGKSFCKKSKFIIHQRTHTGEKP,20
0.0,GEKPYECNQCGKSFCQKGTLTVHQRTHTGEKP,20
1.0,GEKPYECNECGKNFYQKLHLIQHQRTHSGEKP,20
1.0,GEKPYECSYCGKSFCQKTHLTQHQRTHSGERP,20
1.0,GERPYVCHDCGKTFSQKSALNDHQKIHTGVKL,20
1.0,GVKLYKCSECGKCFCRKSTLTTHLRTHTGEKP,20
1.0,GEKPYECNECGKFFSRLSYLTVHYRTHSGEKP,20
0.0,GEKPYECNECGKTFYLNSALMRHQRVHTGEKP,20
0.0,GEKPYECNECGKLFSQLSYLTIHHRTHSGVKP,20
0.0,GVKPYECSECGKTFYQNSALCRHRRIHKGEKP,20
0.0,GEKPYECYICGKFFSQMSYLTIHHRIHSGEKP,20
0.0,GEKPYECSECGKTFCQNSALNRHQRTHTGEKA,20
0.0,GEKAYECYECGKCFSQMSYLTIHHRIHSGEKP,20
0.0,GEKPFECNECGKAFSRMSYLTVHYRTHSGEKP,20
0.0,GEKPYECTECGKKFYHKSAFNSHQRIHRRGNM,20
0.0,GKNPFKCKECGKSFCMLSQLTQHEIIHTGEKP,21
1.0,GEKPYKCEECGKAFKKSSNLTNHKIIHTGEKP,21
1.0,GEKPYKCEECGKAFNQSSTLTRHKIIHTGEKL,21
1.0,GEKLYKCEECGKAFNRSSNLTKHKIVHTGEKP,21
0.0,GEKPYKCEECGKAFKQSSNLTNHKKIHTGEKP,21
0.0,GEKPYKCGECGKAFTLSSHLTTHKRIHTGEKP,21
0.0,GEKPYKCEECGKAFSVFSTLTKHKIIHTEEKP,21
0.0,EEKPYKCEECGKAFNRSSHLTNHKVIHTGEKP,21
0.0,GEKPYKCEECGKAFTKSSTLTYHKVIHTGKKP,21
0.0,GKKPYKCEECGKAFSIFSILTKHKVIHTEDKP,21
0.0,EDKPYKCEECGKTFNYSSNFTNHKKIHTGEKP,21
0.0,GEKPYKCEECGKSFILSSHLTTHKIIHTGEKP,21
0.0,GEKPYKCKECGKAFNQSSTLMKHKIIHTGEKP,21
0.0,GEKPYKCEECGKAFNQSPNLTKHKRIHTKEKP,21
0.0,SEKAYQCSECGKAFRGHSDFSRHQSHHSSERP,22
0.0,SERPYMCNECGKAFSQNSSLKKHQKSHMSEKP,22
0.0,SEKPYECNECGKAFRRSSNLIQHQRIHSGEKP,22
0.0,GEKPYVCSECGKAFRRSSNLIKHHRTHTGEKP,22
0.0,GEKPFECGECGKAFSQSAHLRKHQRVHTGEKP,22
0.0,GEKPYECNDCGKPFSRVSNLIKHHRVHTGEKP,22
1.0,GEKPYKCSDCGKAFSQSSSLIQHRRIHTGEKP,22
1.0,GEKPHVCNVCGKAFSYSSVLRKHQIIHTGEKP,22
1.0,GEKPYRCSVCGKAFSHSSALIQHQGVHTGDKP,22
1.0,GDKPYACHECGKTFGRSSNLILHQRVHTGEKP,22
1.0,GEKPYECTECGKTFSQSSTLIQHQRIHNGLKP,22
1.0,GLKPHECNQCGKAFNRSSNLIHHQKVHTGEKP,22
0.0,GEKPYTCVECGKGFSQSSHLIQHQIIHTGERP,22
0.0,GERPYKCSECGKAFSQRSVLIQHQRIHTGVKP,22
0.0,GVKPYDCAACGKAFSQRSKLIKHQLIHTRE,22
0.0,TQKAQPCETCSSLLKDILHLAEHDGTHPKRTA,23
0.0,GQNNYSCTQCGKDFCHQHTLFEHQKIHTEERP,23
0.0,EERPYECSECGKLFRYNSDLIKHQRNHTGERP,23
0.0,GERPYKCSECGKAFSLKYNVVQHQKIHTGERP,23
0.0,GERPYECSECGKAFLRKSHLLQHQRIHTRPRP,23
0.0,RPRPYVCSECGKAFLTQAHLVGHQKIHTGERP,23
1.0,GERPYGCNECGKYFMYSSALIRHQKVHTGERP,23
1.0,GERPFYCCECGKFFMDSCTLIIHQRVHTGEKP,23
1.0,GEKPYECNECGKFFRYRSTLIRHQKVHTGEKP,23
1.0,GEKPYECSECGKFFMDTSTLIIHQRVHTGEKP,23
1.0,GEKPYECNKCGKFFRYCFTLNRHQRVHSGERP,23
1.0,GERPYECSECGKFFVDSCTLKSHQRVHTGERP,23
1.0,GERPFECSICGKSFRCRSTLDTHQRIHTGERP,23
1.0,GERPYECSECGKFFRHNSNHIRHRRNHFGERS,23
1.0,GERSFECTECGRVFSQNSHLIRHQKVHTRERT,23
1.0,RERTYKCSKCGKFFMDSSTLISHERVHTGEKP,23
1.0,GEKPYECSECGKVFRYNSSLIKHRRIHTGERP,23
0.0,GERPYQCSECGRVFNQNSHLIQHQKVHTR,23
0.0,ARKPFICEECGKSFSYFSYYARHQRIHTGEKP,24
1.0,GEKPFECSECGKAFNGNSSLIRHQRIHTGERP,24
1.0,GERPYQCEECGRAFNDNANLIRHQRIHSGDRP,24
1.0,GDRPYYCTECGNSFTSSSEFVIHQRIHTGEKP,24
1.0,GEKPYECNECGKAFVGNSPLLRHQKIHTGEKP,24
1.0,GEKPYECNECGKSFGRTSHLSQHQRIHTGEKP,24
1.0,GEKPYSCKVCGQAFNFHTKLTRHQRIHSEEKP,24
0.0,EEKPFDCVDCGKAFSAQEQLKRHLRIHTQESS,24
0.0,QESSYVCDECGKALTSKRNLHQHQRIHTGEKP,24
1.0,GEKPFECTACRKTFSKKSHLIVHWRTHTGEKP,25
1.0,GEKPFGCTECGKAFSQKSQLIIHLRTHTGERP,25
1.0,GERPFECPECGKAFREKSTVIIHYRTHTGEKP,25
0.0,GEKTYECTKCGESFIQKLDLIIHHSTHTGKKP,25
0.0,GKKPHECNECKKTFSDKSTLIIHQRTHTGEKP,25
0.0,GEKPHKCTECGKSFNEKSTLIVHQRTHTGEKP,25
0.0,GEKPYECDVCGKTFTQKSNLGVHQRTHSGEKP,25
0.0,GEKPFECNECEKAFSQKSYLMLHQRGHTGEKP,25
0.0,GEKPYECNECEKAFSQKSYLIIHQRTHTEEKP,25
0.0,EEKPYKCNECGKAFREKSKLIIHQRIHTGEKP,25
0.0,GEKPYECPVCWKAFSQKSQLIIHQRTHTGEKP,25
0.0,GEKPYACTECGKAFREKSTFTVHQRTHTGEKP,25
1.0,GEKPYKCTECGKAFTQKSNLIVHQRTHAGKKA,25
1.0,DDKPYKCTECEKSFSQSSTLFQHQKIHTGKKS,26
1.0,GKKSHKCADCGKSFFQSSNLIQHRRIHTGEKP,26
1.0,GEKPYKCDECGESFKQSSNLIQHQRIHTGEKP,26
0.0,GEKPYQCDECGRCFSQSSHLIQHQRTHTGEKP,26
0.0,GEKPYQCSECGKCFSQSSHLRQHMKVHKEEKP,26
0.0,GEKPYECHECGKTFTQKSAHTRHQRTHTGGKP,27
1.0,GGKPYECHECGKTFYKNSDLIKHQRIHTGERP,27
1.0,GERPYGCHECGKSFSEKSTLTQHQRTHTGEKP,27
1.0,GEKPYECHECGKTFSFKSVLTVHQKTHTGEKP,27
0.0,GEKPYECYACGKAFLRKSDLIKHQRIHTGEKP,27
0.0,GEKPYECNECGKSFSEKSTLTKHLRTHTGEKP,27
0.0,GEKPYECIQCGKFFCYYSGFTEHLRRHTGEKP,27
0.0,GEKPFGCNECGKTFRQKSALIVHQRTHIRQKP,27
0.0,RQKPYGCNQCGKSFCVKSKLIAHHRTHTGEKP,27
0.0,GEKPYECNVCGKSFYVKSKLTVHQRIHLGRNP,27
0.0,DEKPYKCNECGKIFGHNTSLFLHKALHTADKP,28
1.0,GGKPYKCKVCDKAFTCNSYLAKHTIIHTGEKP,28
1.0,GEKPYKCNECGKVFNRLSTLARHRRLHTGEKP,28
1.0,GEKPYECEECEKVFSRKSHLERHKRIHTGEKP,28
1.0,GEKPYKCKVCDKAFAYNSYLAKHSIIHTGEKP,28
1.0,GEKPYKCNECGKVFNQQSTLARHHRLHTAEKP,28
0.0,AEKPYKCEECDKVFRCKSHLERHRRIHTGEKP,28
0.0,GEKPYKCKVCDKAFRSDSCLTEHQRVHTGEKP,28
0.0,GEKPYMCNECGKVFSTKANLACHHKLHTAEKP,28
0.0,AEKPYKCEECEKVFSRKSHMERHRRIHTGEKP,28
0.0,GEKPYKCNECGKTFRQTSSLIIHRRLHTGEKP,28
0.0,GEKPYKCNECGKTFSQMSSLVYHHRLHSGEKP,28
0.0,GEKPYKCNECGKVFNQQAHLAQHQRVHTGEKP,28
0.0,GEKPYKCNECGKTFSQMSNLVYHHRLHSGEKP,28
1.0,QDKPYKCTDCGKSFNHNAHLTVHKRIHTGERP,29
1.0,GERPYMCKECGKAFSQNSSLVQHERIHTGDKP,29
1.0,GDKPYKCAECGKSFCHSTHLTVHRRIHTGEKP,29
1.0,GEKPYECQDCGRAFNQNSSLGRHKRTHTGEKP,29
1.0,GEKPYTCSVCGKSFSRTTCLFLHLRTHTEERP,29
1.0,EERPYECNHCGKGFRHSSSLAQHQRKHAGEKP,29
0.0,SDRPFKCNQCGKCFIQSSHLIRHQITHTREEQ,29
1.0,REKPYECKECGKFFSWRSNLTRHQLIHTGEKP,30
1.0,GEKPYECKECGKSFSRSSHLIGHQKTHTGEEP,30
0.0,GEEPYECKECGKSFSWFSHLVTHQRTHTGDKL,30
0.0,GDKLYTCNQCGKSFVHSSRLIRHQRTHTGEKP,30
0.0,GEKPYECPECGKSFRQSTHLILHQRTHVRVRP,30
0.0,RVRPYECNECGKSYSQRSHLVVHHRIHTGLKP,30
0.0,GLKPFECKDCGKCFSRSSHLYSHQRTHTGEKP,30
0.0,GEKPYECHDCGKSFSQSSALIVHQRIHTGEKP,30
0.0,GEKPYECCQCGKAFIRKNDLIKHQRIHVGEET,30
0.0,GEETYKCNQCGIIFSQNSPFIVHQIAHTGEQF,30
1.0,RTIACPHKGCTKMFRDNSAMRKHLHTHGPRVH,31
1.0,GPRVHVCAECGKAFVESSKLKRHQLVHTGEKP,31
1.0,KPFQCTFEGCGKRFSLDFNLRTHVRIHTGDRP,31
1.0,RPYVCPFDGCNKKFAQSTNLKSHILTHAKAKN,31
0.0,EKKPFKCIECGKAFNQFSTLITHKKIHTGEKP,32
0.0,GEKPYICEECGKAFKYSSALNTHKRIHTGEKP,32
0.0,GEKPYKCDKCDKAFIASSTLSKHEIIHTGKKP,32
0.0,GKKPYKCEECGKAFNQSSTLTKHKKIHTGEKP,32
0.0,GEKPYKCEECGKAFNQSSTLTKHKKIHTGEKP,32
1.0,GEKPYVCEECGKAFKYSRILTTHKRIHTGEKP,32
1.0,GEKPYKCNKCGKAFIASSTLSRHEFIHMGKKH,32
1.0,GKKHYKCEECGKAFIWSSVLTRHKRVHTGEKP,32
1.0,GEKPYKCEECGKAFKYSSTLSSHKRSHTGEKP,32
1.0,GEKPYKCEECGKAFVASSTLSKHEIIHTGKKP,32
1.0,GKKPYKCEECGKAFNQSSSLTKHKKIHTGEKP,32
1.0,GEKPYKCEECGKAFNQSSSLTKHKKIHTGEKP,32
1.0,GEKPYKCEECGKAFNQSSTLIKHKKIHTREKP,32
1.0,REKPYKCEECGKAFHLSTHLTTHKILHTGEKP,32
0.0,GEKPYRCRECGKAFNHSATLSSHKKIHSGEKP,32
0.0,GEKPYECDKCGKAFISPSSLSRHEIIHTGEKP,32
1.0,RAFRCGYKGCGRLYTTAHHLKVHERAHTGDRP,33
1.0,RPYRCDFPSCGKAFATGYGLKSHVRTHTGEKP,33
1.0,KPYKCPEELCSKAFKTSGDLQKHVRTHTGERP,33
1.0,RPFQCPFEGCGRSFTTSNIRKVHVRTHTGERP,33
1.0,RPYTCPEPHCGRGFTSATNYKNHVRIHTGEKP,33
1.0,KPYVCTVPGCGKRFTEYSSLYKHHVVHTHCKP,33
1.0,HCKPYTCSTCGKTYRQTSTLAMHKRSAHGELE,33
0.0,VKKTFQCELCSYTCPRRSNLDRHMKSHTDERP,34
0.0,DERPHKCHLCGRAFRTVTLLRNHLNTHTGTRP,34
1.0,GTRPHKCPDCDMAFVTSGELVRHRRYKHTHEK,34
1.0,HEKPFKCSMCDYASVEVSKLKRHIRSHTGERP,34
1.0,GERPFQCSLCSYASRDTYKLKRHMRTHSGEKP,34
1.0,GEKPYECYICHARFTQSGTMKMHILQKHTENV,34
1.0,NVAKFHCPHCDTVIARKSDLGVHLRKQHSYIE,34
0.0,IEQGKKCRYCDAVFHERYALIQHQKSHKNEKR,34
0.0,NEKRFKCDQCDYACRQERHMIMHKRTHTGEKP,34
0.0,GEKPYACSHCDKTFRQKQLLDMHFKRYHDPNF,34
0.0,GEKLYECSECRKRFSKKPSLIKHQSRHIRDIA,35
1.0,RDIAFGCGNCGKTFPQKSQFITHHRTHTGEKP,35
1.0,GEKPYNCSQCGKAFSQKSQLTSHQRTHTGEKP,35
1.0,GEKPYECGECGKAFSRKSHLISHWRTHTGEKP,35
1.0,GEKPYGCNECGRAFSEKSNLINHQRIHTGEKP,35
1.0,GEKPFECRECGKAFSRKSQLVTHHRTHTGTKP,35
0.0,GEKPYECSECRKAFRERSSLINHQRTHTGEKP,35
0.0,GEKPHGCIQCGKAFSQKSHLISHQMTHTGEKP,35
0.0,GEKPFICSKCGKAFSRKSQLVRHQRTHTGEKP,35
0.0,GEKPYECSECGKAFSEKLSLTNHQRIHTGEKP,35
0.0,GEKPYVCSECGKAFCQKSHLISHQRTHTGEKP,35
0.0,GEKPYECSECGKAFGEKSSLATHQRTHTGEKP,35
0.0,GEKPYECRDCEKAFSQKSQLNTHQRIHTGEKP,35
1.0,GEKPYECSLCRKAFFEKSELIRHLRTHTGEKP,35
0.0,GEKPYECNECRKAFREKSSLINHQRIHTGEKP,35
0.0,GEKPFECSECGKAFSRKSHLIPHQRTHTGEKP,35
0.0,GEKPYGCSECRKAFSQKSQLVNHQRIHTGEKP,35
0.0,GEKPYRCIECGKAFSQKSQLINHQRTHTVKKS,35
1.0,GDKNFECHECGKAYCRKSNLVEHLRIHTGERP,36
1.0,GERPYECGECAKTFSARSYLIAHQKTHTGERP,36
1.0,GERPFECNECGKSFGRKSQLILHTRTHTGERP,36
1.0,GERPYECTECGKTFSEKATLTIHQRTHTGEKP,36
1.0,GEKPYECSECGKTFRVKISLTQHHRTHTGEKP,36
1.0,GEKPYECGECGKNFRAKKSLNQHQRIHTGEKP,36
1.0,GEKPYECGECGKFFRMKMTLNNHQRTHTGEKP,36
1.0,GEKPYQCNECGKSFRVHSSLGIHQRIHTGEKP,36
1.0,GEKPYECNECGNAFYVKARLIEHQRMHSGEKP,36
0.0,GEKPYECSECGKIFSMKKSLCQHRRTHTGEKP,36
0.0,GEKPYECSECGNAFYVKVRLIEHQRIHTGERP,36
0.0,GERPFECQECGKAFCRKAHLTEHQRTHIGWSW,36
0.0,EEKLYVCTECVMGFTQKSHLFEHQRIHAGEKS,37
0.0,GEKPYLCTQCGKVFTLKSNLITHQKIHTGQKP,37
0.0,GQKPYKCSECGKAFFQRSDLFRHLRIHTGEKP,37
1.0,GEKPYECSECGKGFSQNSDLSIHQKTHTGEKH,37
1.0,GEKHYECNECGKAFTRKSALRMHQRIHTGEKP,37
1.0,GEKPYVCADCGKAFIQKSHFNTHQRIHTGEKP,37
1.0,GEKPYECSDCGKSFTKKSQLHVHQRIHTGEKP,37
1.0,GEKPYICTECGKVFTHRTNLTTHQKTHTGEKP,37
1.0,GEKPYMCAECGKAFTDQSNLIKHQKTHTGEKP,37
1.0,GEKPYKCNGCGKAFIWKSRLKIHQKSHIGERH,37
1.0,GERHYECKDCGKAFIQKSTLSVHQRIHTGEKP,37
1.0,GEKPYVCPECGKAFIQKSHFIAHHRIHTGEKP,37
1.0,GEKPYECSDCGKCFTKKSQLRVHQKIHTGEKP,37
1.0,GEKPNICAECGKAFTDRSNLITHQKIHTREKP,37
0.0,REKPYECGDCGKTFTWKSRLNIHQKSHTGERH,37
0.0,GERHYECSKCGKAFIQKATLSMHQIIHTGKKP,37
0.0,GKKPYACTECQKAFTDRSNLIKHQKMHSGEKR,37
0.0,GEKPFKCQECGKSFRVSSDLIKHHRIHTGEKP,38
1.0,GEKPYKCQQCDRRFRWSSDLNKHFMTHQGIKP,38
1.0,GIKPYRCSWCGKSFSHNTNLHTHQRIHTGEKP,38
1.0,GEKPFKCDECGKRFIQNSHLIKHQRTHTGEQP,38
1.0,GEQPYTCSLCKRNFSRRSSLLRHQKLHRRREA,38
1.0,GFGTVNCGECGLSFSKMTNLLSHQRIHSGEKP,39
1.0,GEKPYVCGVCEKGFSLKKSLARHQKAHSGEKP,39
1.0,GEKPIVCRECGRGFNRKSTLIIHERTHSGEKP,39
1.0,GEKPYMCSECGRGFSQKSNLIIHQRTHSGEKP,39
1.0,GEKPYVCRECGKGFSQKSAVVRHQRTHLEEKT,39
1.0,EEKTIVCSDCGLGFSDRSNLISHQRTHSGEKP,39
1.0,GEKPYACKECGRCFRQRTTLVNHQRTHSKEKP,39
1.0,KEKPYVCGVCGHSFSQNSTLISHRRTHTGEKP,39
1.0,GEKPYVCGVCGRGFSLKSHLNRHQNIHSGEKP,39
1.0,GEKPIVCKDCGRGFSQQSNLIRHQRTHSGEKP,39
0.0,GEKPMVCGECGRGFSQKSNLVAHQRTHSGERP,39
0.0,GERPYVCRECGRGFSHQAGLIRHKRKHSREKP,39
0.0,REKPYMCRQCGLGFGNKSALITHKRAHSEEKP,39
0.0,EEKPCVCRECGQGFLQKSHLTLHQMTHTGEKP,39
0.0,EEKPCVCRECGQGFLQKSHLTLHQMTHTGEKP,39
0.0,VERPYGCHECGKTFGRRFSLVLHQRTHTGEKP,40
0.0,GEKPYACKECGKTFSQISNLVKHQMIHTGKKP,40
1.0,GKKPHECKDCNKTFSYLSFLIEHQRTHTGEKP,40
1.0,GEKPYECTECGKAFSRASNLTRHQRIHIGKKQ,40
1.0,GKKQYICRKCGKAFSSGSELIRHQITHTGEKP,40
1.0,GEKPYECIECGKAFRRFSHLTRHQSIHTTKTP,40
1.0,TKTPYECNECRKAFRCHSFLIKHQRIHAGEKL,40
1.0,GEKLYECDECGKVFTWHASLIQHTKSHTGEKP,40
1.0,GEKPYACAECDKAFSRSFSLILHQRTHTGEKP,40
1.0,GEKPYVCKVCNKSFSWSSNLAKHQRTHTLDNP,40
0.0,EEKPYTCGACGRDFWLNANLHQHQKEHSGGKP,41
0.0,TQKLFECSNCGKAFLKSSTLPNHLRTHSEEIP,41
0.0,GEIPHVCKECGKAFSHSSKLRKHQKFHTEVKY,41
0.0,EVKYYECIACGKTFNHKLTFVHHQRIHSGERP,41
1.0,GERPYECDECGKAFSNRSHLIRHEKVHTGERP,41
1.0,GERPFECLKCGRAFSQSSNFLRHQKVHTQVRP,41
1.0,QVRPYECSQCGKSFSRSSALIQHWRVHTGERP,41
1.0,GERPYECSECGRAFNNNSNLAQHQKVHTGERP,41
1.0,GERPFECSECGRDFSQSSHLLRHQKVHTGERP,41
0.0,GERPFECCDCGKAFSNSSTLIQHQKVHTGQRP,41
0.0,GQRPYECSECRKSFSRSSSLIQHWRIHTGEKP,41
0.0,GEKPYECSECGKAFAHSSTLIEHWRVHTKERP,41
0.0,KERPYECNECGKFFSQNSILIKHQKVHTGEKP,41
0.0,GEKPYKCSECGKFFSRKSSLICHWRVHTGERP,41
0.0,GERPYECSECGRAFSSNSHLVRHQRVHTQERP,41
0.0,QERPYECIQCGKAFSERSTLVRHQKVHTRERT,41
0.0,RERTYECSQCGKLFSHLCNLAQHKKIHT,41
0.0,AQTALPCDICGPILKDILHLDEHQGTHHGLKL,42
1.0,EQMHYKCSECGKAFSRKDTLVQHQRIHSGEKP,42
1.0,GEKPYECSECGKAFSRKATLVQHQRIHTGERP,42
1.0,GERPYECSECGKTFSRKDNLTQHKRIHTGEMP,42
1.0,GEMPYKCNECGKYFSHHSNLIVHQRVHNGARP,42
1.0,GARPYKCSDCGKVFRHKSTLVQHESIHTGENP,42
0.0,GENPYDCSDCGKSFGHKYTLIKHQRIHTESKP,42
0.0,ESKPFECIECGKFFSRSSDYIAHQRVHTGERP,42
0.0,GERPFVCSKCGKDFIRTSHLVRHQRVHTGERP,42
0.0,GERPYECSECGKAYSLSSHLNRHQKVHTAGRL,42
0.0,KEKPYKCQECGKAFSHSSALIEHHRTHTGERP,43
0.0,GERPYECHECLKGFRNSSALTKHQRIHTGEKP,43
1.0,GEKPYKCTQCGRTFNQIAPLIQHQRTHTGEKP,43
1.0,GEKPYECSECGKSFSFRSSFSQHERTHTGEKP,43
1.0,GEKPYECSECGKAFRQSIHLTQHLRIHTGEKP,43
1.0,GEKPYQCGECGKAFSHSSSLTKHQRIHTGEKP,43
1.0,GEKPYECHECGKAFTQITPLIQHQRTHTGEKP,43
1.0,GEKPYECGECGKAFSQSTLLTEHRRIHTGEKP,43
1.0,GEKPYGCNECGKTFSHSSSLSQHERTHTGEKP,43
1.0,GEKPYECSQCGKAFRQSTHLTQHQRIHTGEKP,43
0.0,GEKPYECNQCGRAFSQLAPLIQHQRIHTGEKP,43
0.0,GEKPYECNQCGRAFSQSSLLIEHQRIHTKEKP,43
0.0,KEKPYGCNECGKSFSHSSSLSQHERTHTGEKP,43
0.0,GEKPYECHDCGKSFRQSTHLTQHRRIHTGEKP,43
0.0,GEKPYACRDCGKAFTHSSSLTKHQRTHTG,43
0.0,SKGPYICALCAKEFKNGYNLRRHEAIHTGAKA,44
1.0,IRKNHACEMCGKAFRDVYHLNRHKLSHSDEKP,44
1.0,DEKPYQCPVCQQRFKRKDRMSYHVRSHDGAVH,44
1.0,VHKPYNCSHCGKSFSRPDHLNSHVRQVHSTER,44
0.0,TERPFKCEKCEAAFATKDRLRAHTVRHEEKVP,44
0.0,VEKPYECKECGKFFRYSSYLNSHMRTHTGEKP,45
1.0,GEKPYECKECGKCFTVSSHLVEHVRIHTGEKP,45
1.0,GEKPYQCKECGRAFAGRSGLTKHVRIHTGEKP,45
1.0,GEKPYECNECGKAYNRFYLLTEHFKTHTEEKP,45
1.0,EEKPFECKVCGKSFRSSSCLKNHFRIHTGIKP,45
1.0,GIKPYKCKECGKAFTVSSSLHNHVKIHTGEKP,45
1.0,GEKPYECKDCGKAFATSSQLIEHIRTHTGEKP,45
1.0,GEKPYICKECGKTFRASSHLQKHVRIHTGEKP,45
1.0,GEKPYICNECGKAYNRFYLLTKHLKTH,45
0.0,TRRWYTCPLCGKQFNESSYLISHQRTHTGEKP,46
1.0,GEKPYDCNHCGKSFNHKTNLNKHERIHTGEKP,46
1.0,GEKPYSCSQCGKNFRQNSHRSRHEGIHIREKI,46
1.0,REKIFKCPECGKTFPKNEEFVLHLQSHEAERP,46
1.0,AERPYGCKKCGRRFGRLSNCTRHEKTHSACKT,46
1.0,KKHVCHIPDCGKTFRKTSLLRAHVRLHTGERP,47
1.0,RPFVCNWFFCGKRFTRSDELQRHARTHTGDKR,47
1.0,GDKRFECAQCQKRFMRSDHLTKHYKTHLVTKN,47
0.0,KKKPFKCTKCGKSFGMISCLTEHSRIHTRVNF,48
1.0,RVNFYKCEECGKAFNWSSTLTKHKRIHTGEKP,48
1.0,GEKPYKCEECGKAFNQSSNLIKHKKIHTGEKP,48
1.0,GEKPYKCEECGKTFNRFSTLTTHKIIHTGEKP,48
1.0,GEKPYKCKECGKAFNRSSTLTTHRKIHTGEKP,48
0.0,GEKPYKCEECGKAFKQSSNLTTHKIIHTGEKP,48
0.0,GEKPYKCKKCGKAFNQSAHLTTHEVIHTGEKP,48
0.0,GEKPYKCEKCGKAFNHFSHLTTHKIIHTGEKP,48
0.0,GEKPYKCKECGKAFKHSSTLTKHKIIHTGEKP,48
0.0,GEKPYKCKECEKAFNQSSKLTEHKKIHTGEKP,48
0.0,GEKPYECEKCGKAFNQSSNLTRHKKSHTEEKP,48
0.0,EEKPYKCEECGKGFKWPSTLTIHKIIHTGEKP,48
0.0,GEKPYKCEECGKAFNQSSKLTKHKKIHTGEKP,48
0.0,GEKPYKCEECDKAFKWSSVLTKHKIIHTGEKL,48
0.0,GEKHFECNECGKAFWEKSHLTRHQRVHTGQKP,49
1.0,GQKPFQCNECEKAFWDKSNLTKHQRSHTGEKP,49
1.0,GEKPFECNECGKAFSHKSALTLHQRTHTGEKP,49
1.0,GEKPYQCNACGKTFCQKSDLTKHQRTHTGLKP,49
0.0,GLKPYECYECGKSFRVTSHLKVHQRTHTGEKP,49
0.0,GEKPFECLECGKSFSEKSNLTQHQRIHIGDKS,49
0.0,GDKSYECNACGKTFYHKSLLTRHQIIHTGWKP,49
0.0,GWKPYECYECGKTFCLKSDLTVHQRTHTGQKP,49
0.0,GQKPFACPECGKFFSHKSTLSQHYRTHTGEKP,49
0.0,GEKPYECHECGKIFYNKSYLTKHNRTHTGEKP,49
0.0,GEKPYECNECGKAFYQKSQLTQHQRIHIGEKP,49
0.0,GEKPYKCNECGKAFCHKSALIVHQRTHTQEKP,49
0.0,QEKPYKCNECGKSFCVKSGLIFHERKHTGEKP,49
0.0,GEKPYECNECGKFFRHKSSLTVHHRAHTGEKS,49
0.0,GEKSCQCNECGKIFYRKSELAQHQRSHTGEKP,49
0.0,GEKSCQCNECGKIFYRKSELAQHQRSHTGEKP,49
0.0,GEKPYECNTCRKTFSQKSNLIVHQRRHIGENL,49
1.0,RPHACPAEGCDRRFSRSDELTRHLRIHTGHKP,50
1.0,GHKPFQCRICMRSFSRSDHLTTHIRTHTGEKP,50
1.0,GEKPFACEFCGRKFARSDERKRHAKIHLKQKE,50
0.0,EKNSYKCEECGKVFKKNALLVQHERIHTQVKP,51
0.0,QVKPYECTECGKTFSKSTHLLQHLIIHTGEKP,51
0.0,GEKPYKCMECGKAFNRRSHLTRHQRIHSGEKP,51
0.0,GEKPYKCSECGKAFTHRSTFVLHHRSHTGEKP,51
0.0,GEKPFVCKECGKAFRDRPGFIRHYIIHTGEKP,51
1.0,GEKPYECIECGKAFNRRSYLTWHQQIHTGVKP,51
1.0,GVKPFECNECGKAFCESADLIQHYIIHTGEKP,51
1.0,GEKPYKCMECGKAFNRRSHLKQHQRIHTGEKP,51
1.0,GEKPYECSECGKAFTHCSTFVLHKRTHTGEKP,51
1.0,GEKPYECKECGKAFSDRADLIRHFSIHTGEKP,51
1.0,GEKPYECVECGKAFNRSSHLTRHQQIHTGEKP,51
1.0,GEKPYECIQCGKAFCRSANLIRHSIIHTGEKP,51
1.0,GEKPYECSECGKAFNRGSSLTHHQRIHTGRNP,51
0.0,REKPCQSNECGKAFNYSSLLRRHHITHSRERE,52
0.0,REREYKCDVCGKIFNQKQYIVYHHRCHTGEKT,52
0.0,GEKTYKCNECGKTFTQMSSLVCHRRLHTGEKP,52
0.0,GEKPYKCNECGKTFSEKSSLRCHRRLHTGEKP,52
0.0,GEKPYKCNECGKTFGRNSALVIHKAIHTGEKP,52
0.0,GEKPYKCNECGKTFSQKSSLQCHHILHTGEKP,52
0.0,GEKPYKCEECDNVYIRRSHLERHRKIHTGEGS,52
1.0,GEGSYKCKVCDKVFRSDSYLAEHQRVHTGEKP,52
1.0,GEKPYKCNKCGRSFSRKSSLQYHHTLHTGEKP,52
1.0,GEKPYTCNECGKVFSRRENLARHHRLHAGEKP,52
1.0,GEKPYKCEECDKVFSRRSHLERHRRIHTGEKP,52
1.0,GEKPYKCKVCDKAFRSDSCLANHTRVHTGEKP,52
1.0,GEKPYKCNKCAKVFNQKGILAQHQRVHTGEKP,52
0.0,GEKPYKCNECGKVFNQKASLAKHQRVHTAEKP,52
0.0,AEKPYKCNECGKAFTGQSTLIHHQAIHGCRET,52
0.0,SEKPYKCKECGKGFRYSAYLNIHMGTHTGDNP,53
0.0,GDNPYECKECGKAFTRSCQLTQHRKTHTGEKP,53
0.0,GEKPYKCKDCGRAFTVSSCLSQHMKIHVGEKP,53
0.0,GEKPYECKECGIAFTRSSQLTEHLKTHTAKDP,53
0.0,AKDPFECKICGKSFRNSSCLSDHFRIHTGIKP,53
1.0,GIKPYKCKDCGKAFTQNSDLTKHARTHSGERP,53
1.0,GERPYECKECGKAFARSSRLSEHTRTHTGEKP,53
1.0,GEKPFECVKCGKAFAISSNLSGHLRIHTGEKP,53
1.0,GEKPFECLECGKAFTHSSSLNNHMRTHSAKKP,53
1.0,AKKPFTCMECGKAFKFPTCVNLHMRIHTGEKP,53
0.0,GEKPYKCKQCGKSFSYSNSFQLHERTHTGEKP,53
0.0,GEKPYECKECGKAFSSSSSFRNHERRHADERL,53
0.0,RVKPYDCPECGKAFGKSKHLLQHHIIHTGEKP,54
0.0,GEKPYKCLECGKDFNRRSHLTRHQRTHNGDKP,54
0.0,GDKPFVCSECGRTFNRGSHLTRHQRVHSGEKP,54
0.0,GEKPFVCNECGKAFTYRSNFVLHNKSHNEKKP,54
0.0,EKKPFACSECGKGFYESTALIQHFIIHTGERP,54
0.0,GERPFKCLECGKAFNCRSHLKQHERIHTGEKP,54
0.0,GEKPFVCSQCGKAFTHYSTYVLHERAHTGEKP,54
1.0,GEKPFECKECGKAFSIRKDLIRHFNIHTGEKP,54
1.0,GEKPYECLQCGKAFTRMSGLTRHQWIHTGEKP,54
1.0,GEKPYVCIQCGKAFCRTTNLIRHFSIHTGEKP,54
1.0,GEKPYECVECGKAFNRRSPLTRHQRIHTAEKS,54
0.0,RVNFYKCKTCGKAFNQFSNLTKHKIIHPEVNP,55
0.0,EVNPYKCEECGKAFNQSLTLTKHKKIHTEEKP,55
1.0,EEKPYKCEDCGKVFSVFSVLTKHKIIHTGTKP,55
1.0,GTKPYNCEECGKGFSIFSTLTKHKIIHTGEKP,55
1.0,GEKPYKCNECGKAFNWSSTLTKHKRIHTGEKP,55
1.0,GEKPYKCEECGKAFNQSSTLTRHKIVHTGEKP,55
0.0,KEKPYKCEECGKAFSVFSTLTKHKIIHTGAKP,55
0.0,GAKPYKCEECGSAFRAFSTLTEHKRVHTGEKP,55
0.0,GEKPYKCEECGKAFNRSSNLTRHKKIHTGEKP,55
0.0,GENPFACKVCGKVFSHKSNLTEHEHFHTREKP,56
0.0,REKPFECNECGKAFSQKQYVIKHQNTHTGEKL,56
0.0,GEKLFECNECGKSFSQKENLLTHQKIHTGEKP,56
0.0,GEKPFECKDCGKAFIQKSNLIRHQRTHTGEKP,56
0.0,GEKPFVCKECGKTFSGKSNLTEHEKIHIGEKP,56
1.0,GEKPFKCSECGTAFGQKKYLIKHQNIHTGEKP,56
1.0,GEKPYECNECGKAFSQRTSLIVHVRIHSGDKP,56
1.0,GDKPYECNVCGKAFSQSSSLTVHVRSHTGEKP,56
1.0,GEKPYGCNECGKAFSQFSTLALHLRIHTGKKP,56
1.0,GKKPYQCSECGKAFSQKSHHIRHQKIHTH,56
0.0,GEKLYKCTECGKVFIQKANLVVHQRTHTGEKP,57
1.0,GEKPYECCECAKAFSQKSTLIAHQRTHTGEKP,57
1.0,GEKPYECSECGKTFIQKSTLIKHQRTHTGEKP,57
1.0,GEKPFVCDKCPKAFKSSYHLIRHEKTHIRQAF,57
0.0,KENIYECSKCGKSFRGKSHLSVHQRIHTGEKP,57
0.0,GEKPYECSICGKTFSGKSHLSVHHRTHTGEKP,57
0.0,GEKPYECRRCGKAFGEKSTLIVHQRMHTGEKP,57
0.0,GEKPYKCNECGKAFSEKSPLIKHQRIHTGERP,57
0.0,GERPYECTDCKKAFSRKSTLIKHQRIHTGEKP,57
0.0,GEKPYKCSECGKAFSVKSTLIVHHRTHTGEKP,57
0.0,GEKPYECRDCGKAFSGKSTLIKHQRSHTGDKN,57
1.0,ADNPYKCSECGKVFSCSSKLVIHRRMHTGEKP,58
1.0,GEKPYKCHECGKLFSSNSNLSQHQRIHTGEKP,58
1.0,GEKPYKCHECDKVFRSSSKLAQHQRIHTGEKP,58
1.0,GEKPYKCHECDKVFNQIAHLVRHQKIHTGEKP,58
0.0,GEKPYSCNKCGKVFSRHSYLAEHQTVHTGEKP,58
0.0,GEKPYKCEECGKAFSVRSSLITHQLIHTGRKP,58
0.0,GRKPYKCKECDKVFGRKCFLTSHQRIHTRERP,58
0.0,RERPYGCSQCGKIFSQKSDLIRHRKTHTDEKP,58
0.0,DEKPYKCNKCGTAFREFSDLTAHFLIHSGEKP,58
0.0,GEKPYECKECGKVFRYKSSLTSHHRIHTGEKP,58
0.0,GEKPYKCNRCGKVFSRSSNLVCHQKIHTGEKP,58
0.0,GEKPYKCNQCGKVFNQASYLTRHQIIHTGERP,58
0.0,GERPYRCSKCGKAFRGCSGLTAHLAIHTEKKS,58
0.0,EKKSHECKECGKIFTQKSSLTNHHRIHIGEKP,58
0.0,GEKPYKCTLCSKVFSHNSDLAQHQRVHS,58
1.0,GKKLYECSKCGKAFRGKYSLVQHQRVHTGERP,59
1.0,GERPWECNECGKFFSQTSHLNDHRRIHTGERP,59
1.0,GERPYECSECGKLFRQNSSLVDHQKIHTGARP,59
1.0,GARPYECSQCGKSFSQKATLVKHQRVHTGERP,59
1.0,GERPYKCGECGNSFSQSAILNQHRRIHTGAKP,59
1.0,GAKPYECGQCGKSFSQKATLIKHQRVHTGERP,59
1.0,GERPYKCGDCGKSFSQSSILIQHRRIHTGARP,59
0.0,GARPYECGQCGKSFSQKSGLIQHQVVHTGERP,59
0.0,GERPYECNKCGNSFSQCSSLIHHQKCHNT,59
0.0,GEKPYECNECRKTFSLKQNLVEHKKMHTGEKS,60
0.0,GEKSHECTECGKVCSRVSSLTLHLRSHTGKKA,60
0.0,GKKAYKCNKCGKAFSQKENFLSHQKHHTGEKP,60
0.0,GTKPYACKECGKAFNGKAYLTEHEKIHTGEKP,60
0.0,GEKPFECNQCGRAFSQKQYLIKHQNIHTGKKP,60
0.0,GKKPFKCSECGKAFSQKENLIIHQRIHTGEKP,60
0.0,GEKPYECKGCGKAFIQKSSLIRHQRSHTGEKP,60
0.0,GEKPYTCKECGKAFSGKSNLTEHEKIHIGEKP,60
1.0,GEKPYKCNECGTIFRQKQYLIKHHNIHTGEKP,60
1.0,GEKPYECNKCGKAFSRITSLIVHVRIHTGDKP,60
1.0,GDKPYECKVCGKAFCQSSSLTVHMRSHTGEKP,60
1.0,GEKPYGCNECGKAFSQFSTLALHMRIHTGEKP,60
1.0,GEKPYQCSECGKAFSQKSHHIRHQRIHTH,60
0.0,RTKTYECNICEKIFKQPIHLTEHMRIHTGEKP,61
0.0,GEKPFRCKECGRAFSQSASLSTHQRIHTGEKP,61
0.0,GEKPFECEECGKAFRHRSSLNQHHRTHTGEKP,61
0.0,GEKPYVCDKCQKAFSQNISLVQHLRTHSGEKP,61
0.0,GEKPFTCNECGKTFRQIRHLSEHIRIHTGEKP,61
1.0,GEKPYACTACCKTFSHRAYLTHHQRIHTGERP,61
1.0,GERPYKCKECGKAFRQRIHLSNHKTVHTGVKA,61
1.0,GVKAYECNRCGKAYRHDSSFKKHQRHHTGEKP,61
1.0,GEKPYECNECGKAFSYNSSLSRHHEIHRRNAF,61
0.0,RAKSYECSECGKVIRRKAWFDQHQRIHFLENP,62
0.0,LENPFECKVCGQAFRQRSALTVHKQCHLQNKP,62
1.0,QNKPYRCHDCGKCFRQLAYLVEHKRIHTKEKP,62
1.0,KEKPYKCSKCEKTFSQNSTLIRHQVIHSGEKR,62
1.0,GEKRHKCLECGKAFGRHSTLLCHQQIHSKPNT,62
0.0,KPNTHKCSECGQSFGRNVDLIQHQRIHTKEEF,62
0.0,KEEFFQCGECGKTFSFKRNLFRHQVIHTGSQP,62
0.0,GSQPYQCVICGKSFKWHTSFIKHQGTHKGQIS,62
0.0,GKKPLKCNDCGKTFSRSFSLKLHQNIHTGEKP,63
0.0,GEKPFECSNCRKAFRQISSILLHQRIHSGKKS,63
0.0,GKKSHECNKCGESFNQRTTLILHMRIHDGKEI,63
0.0,VGNVCQCRKCGKAFNQMSSLLLHKKIHNGKKT,63
0.0,VGNVCQCRKCGKAFNQMSSLLLHKKIHNGKKT,63
0.0,LENPFKCRKCGKLFNRISPLMLHQRIHTSEKP,63
0.0,SEKPYKCDKCDKFFRRLSTLILHLRIHNGEKL,63
0.0,GEKLYRCNKCEKVCNRHSSLIQHQKVHTKKKK,63
1.0,KKKLFECKECGKMFSGTANLKIHQNIHSEEKP,63
1.0,EEKPFKCNKCSKVFGRQSFLIEHQRIHTGEKP,63
1.0,GEKPYQCEECGKAFSHRISLTRHKRIHTEDRP,63
1.0,EDRPYECDQCGKAFSQSAHLAQHERIHTGEKP,63
1.0,GEKPYTCKTCGKAFSQRTSLILHERSHTGEKP,63
1.0,GEKPYECNECGKAFSSGSDLIRHQRSHSSEKP,63
0.0,SEKPYECSKCGKAYSRSSSLIRHQNTHSEEKA,63
0.0,GGKHFECTECGKAFTRKSTLSMHQKIHTGEKP,64
0.0,GEKPYVCTECGKAFIRKSHFITHERIHTGEKP,64
0.0,GEKPYECSDCGKSFIKKSQLHVHQRIHTGENP,64
0.0,GENPFICSECGKVFTHKTNLIIHQKIHTGERP,64
0.0,GERPYICTVCGKAFTDRSNLIKHQKIHTGEKP,64
0.0,GEKPYKCSDCGKSFTWKSRLRIHQKCHTGERH,64
0.0,GERHYECSECGKAFIQKSTLSMHQRIHRGEKP,64
1.0,GEKPYVCTECGKAFFHKSHFITHERIHTGEKP,64
1.0,GEKPYECSICGKSFTKKSQLHVHQQIHTGEKP,64
1.0,GEKPYRCAECGKAFTDRSNLFTHQKIHTGEKP,64
1.0,GEKPYKCSDCGKAFTRKSGLHIHQQSHTGERH,64
1.0,GERHYECSECGKAFARKSTLIMHQRIHTGEKP,64
1.0,GEKPYICNECGKSFIQKSHLNRHRRIHTGEKP,64
1.0,GEKPYECSDCGKSFIKKSQLHEHHRIHTGEKP,64
0.0,GEKPYICAECGKAFTIRSNLIKHQKIHTKQKP,64
0.0,VENAYECSECGKAFKKKFHFIRHEKNHTRKKP,65
0.0,RKKPFECNDCGKAYSRKAHLATHQKIHNGERP,65
0.0,GERPFVCNDCGKAFMHKAQLVVHQRLHTGEKP,65
0.0,GEKPYECSQCGKTFTWNSSFNQHVKSHTLEKS,65
0.0,LEKSFECKECGKTFRYSSSLYKHSRFHTGEKP,65
0.0,GEKPYQCIICGKAFGNTSVLVTHQRIHTGEKP,65
1.0,GEKPYSCIECGKAFIKKSHLLRHQITHTGEKP,65
1.0,GEKPYECNRCGKAFSQKSNLIVHQKIHT,65
1.0,EEKQCKCDVCGKVFNQKRYLACHRRCHTGEKP,66
0.0,GEKPYKCNECGKTFGHNSSLFIHKALHTGEKP,66
1.0,GEKPYECEECDKVFSRKSHLERHKRIHTGEKP,66
0.0,GEKPYKCKVCDEAFAYNSYLAKHTILHTGEKP,66
1.0,GEKPYKCEECCKVFSRKSNLERHRRIHTGEKP,66
1.0,GEKPYKCKVCDKAFQRDSHLAQHQRVHTGEKP,66
0.0,GEKPYKCNECGKTFGQTSSLIIHRRLHTGEKP,66
0.0,GEKPYKCNECGKTFSQMSSLVYHHRLHSGEKP,66
1.0,GGKPYKCEECGKAFNHSCSLTRHKKIHTGEKP,67
1.0,GEKPYKCEECGKAFKHSSTLTTHKRNHTGEKP,67
1.0,GEKPYKCDKCGKAFMSSSTLSKHEIIHTEKKP,67
1.0,EKKPYKCEECGKAFNRSSTLTTHKIIHTGEKP,67
1.0,GEKPYKCEECDKAFKYSYTLTTHKRIHTEDKP,67
1.0,EDKPYKCEECGKAFKYSSTLTTHKRIHTGEKP,67
1.0,GEKPYKCEECGKAFKRSSDLTTHKIIHTGEKP,67
1.0,GEKPYKCEECGKAFKYSSNLTTHKKIHTGERP,67
1.0,GERPYKCEECGKAFNQSSILTTHRRIHTGEKF,67
0.0,GEKFYKCEECGKAFKCSSNLTTHKKIHTGERP,67
0.0,VGEKPMCAECGKSFNQSSYLIRHLRTHTGERP,68
0.0,GERPYTCIECGKGFKQSSDLVTHRRTHTGEKP,68
0.0,GEKPYQCKGCEKKFSDSSTLIKHQRTHTGERP,68
0.0,GERPYECPECGKTFGRKPHLIMHQRTHTGEKP,68
0.0,GEKPYACLECHKSFSRSSNFITHQRTHTGVKP,68
0.0,GVKPYRCNDCGESFSQSSDLIKHQRTHTGERP,68
1.0,GERPFKCPECGKGFRDSSHFVAHMSTHSGERP,68
1.0,GERPFSCPDCHKSFSQSSHLVTHQRTHTGERP,68
1.0,GERPFKCENCGKGFADSSALIKHQRIHTGERP,68
1.0,GERPYKCGECGKSFNQSSHFITHQRIHLGDRP,68
1.0,GDRPYRCPECGKTFNQRSHFLTHQRTHTGEKP,68
1.0,GEKPFHCSKCNKSFRQKAHLLCHQNTHLI,68
1.0,GKKPYICSDCGRSFKDRSTLIRHHRIHSMEKP,69
1.0,MEKPYVCSECGRGFSQKSNLSRHQRTHSEEKP,69
1.0,EEKPYLCRECGQSFRSKSILNRHQWTHSEEKP,69
0.0,EEKPYVCSECGRGFSEKSSFIRHQRTHSGEKP,69
0.0,GEKPYVCLECGRSFCDKSTLRKHQRIHSGEKP,69
0.0,GEKPYVCRECGRGFSQNSDLIKHQRTHLDEKP,69
0.0,DEKPYVCRECGRGFCDKSTLIIHERTHSGEKP,69
0.0,GEKPYVCGECGRGFSRKSLLLVHQRTHSGEKH,69
0.0,GEKHYVCRECRRGFSQKSNLIRHQRTHSNEKP,69
0.0,NEKPYICRECGRGFCDKSTLIVHERTHSGEKP,69
0.0,GEKPYVCSECGRGFSRKSLLLVHQRTHSGEKH,69
0.0,GEKHYVCRECGRGFSHKSNLIRHQRTH,69
0.0,GERPYKCSECGKSFSQSSGFLRHRKAHGRTRT,70
0.0,RTRTHECSECGKSFSRKTHLTQHQRVHTGERP,70
0.0,GERPYDCSECGKSFRQVSVLIQHQRVHTGERP,70
0.0,GERPYECSECGKSFSHSTNLYRHRSAHTSTRP,70
0.0,STRPYECSECGKSFSHSTNLFRHWRVHTGVRP,70
0.0,GVRPYECSECGKAFSCNIYLIHHQRFHTGERP,70
0.0,GERPYVCSECGKSFGQKSVLIQHQRVHTGERP,70
1.0,GERPYECSECGKVFSQSSGLFRHRRAHTKTKP,70
1.0,KTKPYECSECEKSFSCKTDLIRHQTVHTGERP,70
1.0,GERPYECSVCGKSFIRKTHLIRHQTVHTNERP,70
1.0,NERPYECDECGKSYSQSSALLQHRRVHTGERP,70
1.0,GERPYECRECGKSFTRKNHLIQHKTVHTGERP,70
1.0,GERPYECSECGKSFSQSSGLLRHRRVHVQ,70
1.0,GEKPHRCPQCGKCFARKSQLTGHQRIHSGEEP,71
1.0,GEEPHKCPECGKRFLRSSDLYRHQRLHTGERP,71
1.0,GERPYECTVCKKRFTRRSHLIGHQRTHSEEET,71
1.0,EEETYKCLECGKSFCHGSSLKRHLKTHTGEKP,71
1.0,GEKPHRCHNCGKSFSRLTALTLHQRTHTEERP,71
1.0,EERPFKCNYCGKSFRQRPSLVIHLRIHTGEKP,71
1.0,GEKPYKCTHCSKSFRQRAGLIMHQVTHFRGLI,71
0.0,ADNPYKCNECDKVFSNSSNLVQHQRIHTGEKP,72
1.0,GEKPYKCHECGKLFNRISLLARHQRIHTGEKP,72
1.0,GEKPYKCHECGKVFTQNSHLANHHRIHTGEKP,72
1.0,GEKPYKCNECGKVFNRNAHLARHQKIHSGEKP,72
1.0,GEKPYKCKECGKAFSGGSGLTAHLVIHTGEKL,72
1.0,GEKLYKCNKCGKVFNRNAHLTRHQRIHTGEKP,72
1.0,GEKPYECKECGKVFRHKFCLTNHHRMHTGEQP,72
1.0,GEQPYKCNECGKAFRDCSGLTAHLLIHTGEKP,72
0.0,GEKPYKCKECAKVFRHRLSLSNHQRFHTGEKP,72
0.0,GEKPYRCDECGKDFTRNSNLANHHRIHTGEKP,72
0.0,GEKPYKCSECHKVFSHNSHLARHRQIHTGEKS,72
0.0,GEKSYKCNECGKVFSHKLYLKKHERIHTGEKP,72
0.0,GEKPYRCHECGKDFTRNSNLANHHRIHTGEKP,72
0.0,IDKPHVCTECGKAFLKKSRLIYHQRVHTGEKP,73
0.0,GEKPHGCSICGKAFSRKSGLTEHQRNHTGEKP,73
0.0,GEKPYECTECDKAFRWKSQLNAHQKIHTGEKS,73
0.0,GEKSYICSDCGKGFIKKSRLINHQRVHTGEKP,73
0.0,GEKPHGCSLCGKAFSKRSRLTEHQRTHTGEKP,73
0.0,GEKPYECTECDKAFRWKSQLNAHQKAHTGEKS,73
1.0,GEKPYICNECGKGFIQKGNLLIHRRTHTGEKP,73
1.0,GEKPYVCNECGKGFSQKTCLISHQRFHTGKTP,73
1.0,GKTPFVCTECGKSCSHKSGLINHQRIHTGEKP,73
0.0,GEKPYTCSDCGKAFRDKSCLNRHRRTHTGERP,73
0.0,GERPYGCSDCGKAFSHLSCLVYHKGMLHAREK,73
0.0,GEKPYKCDMCEKTFVQSSDLTSHQRIHNYEKP,74
1.0,YEKPYKCSKCEKSFWHHLALSGHQRTHAGKKF,74
1.0,GKKFYTCDICGKNFGQSSDLLVHQRSHTGEKP,74
1.0,GEKPYLCSECDKCFSRSTNLIRHRRTHTGEKP,74
1.0,GEKPFKCLECEKAFSGKSDLISHQRTHTGERP,74
1.0,GERPYKCNKCEKSYRHRSAFIVHKRVHTGEKP,74
1.0,GEKPYKCGACEKCFGQKSDLIVHQRVHTGEKP,74
1.0,GEKPYKCLECMRSFTRSANLIRHQATHTHTFK,74
0.0,SKKPFKCKECGKLFCILSHLAQHKKIHTGEKS,75
0.0,EKKPYKCKECGKAFNWFSHFTTHKRIHTGEKP,75
0.0,GEKPYQCEKCGKFFNQSTNLTTHKRIHTGEKP,75
0.0,GEKPYKCEECGKAFNQSSNLTEHKKIHTKEQP,75
0.0,KEQPYKCEKCGKAFKWSSTLTKHKRIHNGEKP,75
0.0,GEKPYKCEECGKAFNRSSTLNRHKITHTGGKP,75
0.0,VEKFYKCEECGKAFSRISHLTTHKRIHTGEKP,75
1.0,GEKPYKCEECGRAFNQSSTLTTHKRIHTGEKP,75
1.0,GEKPYECEECGKAFNRSSTLTTHKIIHSGEKI,75
1.0,GEKIYKCKECGKAFRRFSHLTRHKTIHT,75
0.0,IEHRYVCSECNQLYGSLEEVLMHQNSHVPQQH,76
0.0,QESQYQCLECGQLLMSPSQLLEHQELHLKMMA,76
0.0,STIHYECVDCKALFASQELWLNHRQTHLRATP,76
0.0,ELLLYKCSECSQLFQLPADFLEHQATHFPAPV,76
0.0,ATQELFCSACDQLFLSPHQLQQHLRSHREGVF,76
0.0,REGVFKCPLCSRVFPSPSSLDQHLGDHSSESH,76
0.0,SESHFLCVDCGLAFGTEALLLAHRRAHTPNPL,76
1.0,APGTYRCLLCSREFGKALQLTRHQRFVHRLER,76
1.0,LERRHKCSICGKMFKKKSHVRNHLRTHTGERP,76
1.0,GERPFPCPDCSKPFNSPANLARHRLTHTGERP,76
1.0,GERPYRCGDCGKAFTQSSTLRQHRLVHAQHFP,76
0.0,QHFPYRCQECGVRFHRPYRLLMHRYHHTGEYP,76
0.0,GEYPYKCRECPRSFLLRRLLEVHQLVVHAGRQ,76
0.0,APRRFECGTCGKKVGSAARLQAHEAAHAAAGP,76
0.0,RRRGLECSECKKLFSTETSLQVHRRIHTGERP,76
0.0,GERPYPCPDCGKAFRQSTHLKDHRRLHTGERP,76
0.0,GERPFACEVCGKAFAISMRLAEHRRIHTGERP,76
0.0,GERPYSCPDCGKSYRSFSNLWKHRKTHQQQHQ,76
0.0,EQIFYICEECGKCFDQNEDFDQHQKTHNGEKV,77
0.0,GEKVYGCKECGKAFSFRSHCIAHQRIHSGVKP,77
1.0,GVKPYECQECAKAFVWKSNLIRHQRIHTGEKP,77
1.0,GEKPFECKECGKGFSQNTSLTQHQRIHTGEKP,77
1.0,GEKPYTCKECGKSFTRNPALLRHQRMHTGEKP,77
1.0,GEKPYECKDCGKGFMWNSDLSQHQRVHTGDKP,77
1.0,GDKPHECTDCGKSFFCKAHLIRHQRIHTGERP,77
0.0,GERPYKCNDCGKAFSQNSVLIKHQRRHARDKP,77
0.0,ADKTYKCSDCGEIFSSNSNFAQHQRIHTGEKP,78
0.0,GEKPYKCSECGKAFSVCSSLTAHLVIHTGEKP,78
0.0,GEKPYDCKECGKVFRHKSSLTTHQTVHTGERP,78
0.0,GERPYKCNECGKGFSRIAFLARHRKVHTGEKP,78
0.0,GEKPYKCNECGKVFIGNSRLARHRKIHTGGRR,78
0.0,GGRRYKCNECGKAFRTCSDLTAHLLIHTGEKP,78
1.0,GEKPYECIDCGKVFRHKSSLTYHCRIHTGEKP,78
1.0,GEKPYKCNECGKVFSQNSNLQRHRKIHTGEKL,78
1.0,GEKLYKCNECGKVFRQNSHLAQHRDIHTGEKP,78
1.0,GEKPYSCNECGKVFRRNSHLVRHRNVHTGEKP,78
1.0,GEKPYSCNECGKVFSRNSHLARHRNIHTGEKP,78
0.0,GEKLYKCNECSKVFSRNSRLAQHRNIHTGVKP,78
0.0,GVKPYSCNECGKVFSKNSILVQHCSIHTREKP,78
1.0,GEKQYKCDICGKVFNSKRYVARHRRCHTGEKP,79
1.0,GEKPYKCNECGKTFSQTYYLTCHRRLHTGEKP,79
1.0,GEKPYKCEECDKAFHFKSKLQIHRRIHTGEKP,79
1.0,GEKPYKCNECGKTFSQKSYLTCHRRLHTGEKP,79
1.0,GEKPYKCNECGKTFSRKSHFTCHHRVHTGEKP,79
1.0,GEKPYKCNECSKTFSHKSSLTYHRRLHTEEKP,79
0.0,GEKPYKCEECDKAYSFKSNLEIHQKIHTEENP,79
0.0,EENPYKCNECGKTFSRTSSLTYHHRLHTGQKP,79
0.0,PEKPYGCGECERRFRDQLTLRLHQRLHRGEGP,80
0.0,GEGPCACPDCGRSFTQRAHMLLHQRSHRGERP,80
0.0,GEGPCACPDCGRSFTQRAHMLLHQRSHRGERP,80
1.0,GERPFPCSECDKRFSKKAHLTRHLRTHTGERP,80
1.0,GERPYPCAECGKRFSQKIHLGSHQKTHTGERP,80
1.0,GERPFPCTECEKRFRKKTHLIRHQRIHTGERP,80
1.0,GERPYQCAQCARSFTHKQHLVRHQRVHQTAGP,80
0.0,GPKPFACSDCGLSFGWKKNLATHQCLHRSEGR,80
0.0,GERSFFCPDCGRGFSHGQHLARHPRVHTGERP,80
0.0,GERPFACTQCDRRFGSRPNLVAHSRAHSGARP,80
0.0,GARPFACAQCGRRFSRKSHLGRHQAVHTGSRP,80
0.0,GSRPHACAVCARSFSSKTNLVRHQAIHTGSRP,80
0.0,GSRPFSCPQCGKSFSRKTHLVRHQLIHGEAAH,80
1.0,AEKPFECHQCGKVFNRRHSLSEHQRIHTGEKP,81
1.0,GEKPYECQECGRAFTHSSTLTRHLRTHTGEKP,81
1.0,GEKPYGCGECGKAFNRISSLTQHQRIHTGEKP,81
1.0,GEKPYKCEDCGKSFCQSSYLILHKRTHTGEKP,81
1.0,GEKPYECSECGKAFSDRSSLNQHERTHTGENP,81
1.0,GENPYECKQCGRAFSQRSSLVRHERTHTGEKP,81
1.0,GEKPYRCQECGKAFSQSSSLVTHQKTHSSQKT,81
0.0,GEKQYRCTECGKCFKRNSSLVLHHRTHTGEKP,82
1.0,GEKPYTCNECGKSFSKNYNLIVHQRIHTGEKP,82
1.0,GEKPYECSKCGKAFSDGSALTQHQRIHTGEKP,82
1.0,GEKPYECLECGKTFNRNSSLILHQRTHTGEKP,82
1.0,GEKPYRCNECGKPFTDISHLTVHLRIHTGEKP,82
1.0,GEKPYECSKCGKAFRDGSYLTQHERTHTGEKP,82
1.0,GEKPFECAECGKSFNRNSHLIVHQKIHSGEKP,82
1.0,GEKPYECKECGKTFIESAYLIRHQRIHTGEKP,82
0.0,GEKPYGCNQCQKLFRNIAGLIRHQRTHTGEKP,82
0.0,GEKPYECNQCGKAFRDSSCLTKHQRIHTKETP,82
0.0,KETPYQCPECGKSFKQNSHLAVHQRLHSREGP,82
0.0,REGPSRCPQCGKMFQKSSSLVRHQRAHLGEQP,82
0.0,GKKPFQCKKCGKSFCMLSQLTQHKKIHIRENT,83
0.0,GEKHYRCEECGKAFNHYSTLTNHKRIHTGEKP,83
0.0,GEKPYKCKECGKAFSRYSTLTTHKRIHSGEKP,83
0.0,GEKPYKCDECGKTFSISSTFTKHKIIHTEEKP,83
0.0,EEKPYKCKECGKAFNRSSTLTSHKRIHTGEKP,83
0.0,GEKPYKCEECGKAFNQSSRLTRHKKIHTGEEP,83
1.0,GEKPYNCEECGKVFTYSSTLTRHKRIHTEEKP,83
1.0,EEKPYKCNECGKAFNRSSHLTSHRRIHTGEKP,83
1.0,GEKPYKCEECGKAFKQSSNLNSHKKIHSGEKP,83
1.0,GEKPYKCEECGKAFILSSRLTQHKKIHTGEKP,83
1.0,GEKPYKCEECGKAFNRSSRLTQHKKIHTGEKP,83
1.0,GEKPYKCKQCDKAFTHSSNLSSHKKIHSGEKP,83
1.0,GEKPYKCEECGKAFNRSSRLTQHKKIHTREKP,83
0.0,REKPYKCEECAKAFTRSSRLTQHKKIHRMGVV,83
1.0,REKLYECFDCGKAFCQSSKLIRHQRIHTGERP,84
1.0,GERPYACKECGKAFSLSSDLVRHQRIHSGEKP,84
1.0,GEKPYECCECGKAFRGSSELIRHRRIHTGEKP,84
1.0,GEKPYECGECGKAFSRSSALIQHKKIHTGDKS,84
1.0,GDKSYECIACGKAFGRSSILIEHQRIHTGEKP,84
0.0,GEKPYECNECGKSFNQSSALTQHQRIHTGEKP,84
0.0,GEKPYECSECRKTFRHRSGLMQHQRTHTRV,84
0.0,REKSYKCNDCGKAFSKSSNLTNHQRIHSGQRP,85
0.0,GQRPYKCNECGKAFNQCSNLTRHQRVHTGEKP,85
0.0,GEKPYQCNICGKVCSQNSNLASHQRMHTGEKP,85
1.0,GEKPYKCNECGKAFIQRSHLWGHERIHTGEKP,85
1.0,GEKPYKCNECDKAFAERSSLTQHKRIHTGEKP,85
1.0,GEKPYICNECGKAFKQCSHLTRHQNIHPGEKP,85
1.0,GEKPHKCNVCGRAFIQSSSLVEHQRIHTGEKP,85
1.0,GEKPYKCNKCDKAFIKRSHLWGHQRTHTGEKP,85
1.0,GEKPYKCTECGKAFTERSNLTQHKKIHTGEKP,85
1.0,GEKPYKCTECGKAFTQFANLTRHQKIHIEKKH,85
0.0,TQNTQPCETCSSLLKDILRLAEHDGTHPEQGL,86
0.0,AGKTFLCSECGKAFSHKHKLSDHQKIHTGERT,86
0.0,GERTYKCSKCGILFMERSTLNRHQRTHTGERP,86
0.0,GERPYECNECGKAFLCKSHLVRHQTIHSGERP,86
0.0,GERPYECSECGKLFMWSSTLITHQRVHTGKRP,86
1.0,GKRPYGCSECGKFFKCNSNLFRHYRIHTGKRS,86
1.0,GKRSYGCSECGKFFMERSTLSRHQRVHTGERP,86
1.0,GERPYECNECGKFFSLKSVLIQHQRVHTGERP,86
1.0,GERPYECSECGKAFLTKSHLICHQTVHTAAKQ,86
1.0,HTAAKQCSECGKFFRYNSTLLRHQKVHTG,86
1.0,VENPYKCADCGKSFSRSARLIRHRRIHTGEKP,87
1.0,GEKPYKCLDCGKSFRDSSNFITHRRIHTGEKP,87
1.0,GEKPYQCGECGKCFNQSSSLIIHQRTHTGEKP,87
1.0,GEKPYQCEECGKSFNNSSHFSAHRRIHTGERP,87
0.0,GERPHVCPDCGKSFSKSSDLRAHHRTHTGEKP,87
0.0,GEKPYGCHDCGKCFSKSSALNKHGEIHAREKL,87
0.0,QSKIFQCNTCVKVFSKFSNSNKHKIRHTGEKP,88
0.0,GEKPYKCEKCGKAFNRSTSLSKHKRIHTGEKP,88
0.0,GEKPYTCEECGKAFRRSTVLNEHKKIHTGEKP,88
1.0,GEKPYKCEECGKAFTRSTTLNEHKKIHTGEKP,88
0.0,GEKPYKCKECGKAFRWSTSLNEHKNIHTGEKP,88
0.0,GEKPYKCKECGKAFRQSRSLNEHKNIHTGEKP,88
0.0,GEKPYTCEKCGKAFNQSSSLIIHRSIHSEQKL,88
1.0,EQKLYKCEECGKAFTWSSSLNKHKRIHTGEKP,88
1.0,GEKPYTCEECGKAFYRSSHLAKHKRIHTGEKP,88
1.0,GEKPYTCEECGKAFNQSSTLILHKRIHSGQKP,88
0.0,GEKPYKCEECGKAFIWSASLNEHKNIHTGEKP,88
0.0,GEKPYKCKECGKAFNQSSGLIIHRSIHSEQKL,88
0.0,EQKLYKCEECGKAFTRSTALNEHKKIHSGEKP,88
0.0,GEKPYKCKECGKAYNLSSTLTKHKRIHTGEKP,88
0.0,GEKPFTCEECGKAFNWSSSLTKHKIIHTGEKS,88
0.0,GEKSYKCEECGKAFNRPSTLTVHKRIHTGKEH,88
0.0,RKKPFKCKKCEKSFCMLLHLTQHKRFHITENS,89
1.0,TENSYQCKDCGKAFNWFSTLTTHRRIHTGEKP,89
1.0,GEKPYKCEECGKAFNRSSHLTTHKIIHTGEKP,89
1.0,GEKPYRCEECGKAFNRSSHLTTHKRIHTGVKP,89
1.0,GVKPYKCTECGKAFNRSSHLTTHRIIHTGEKP,89
1.0,GEKPYKCEECGKAFNQSSTLTTHKITHAGEKP,89
0.0,GEKFYKCEECGKGFNWSSALTKHKRIHTGEKP,89
0.0,GEKPYKCEECGKAFNESSNLTTHKMIHTGEKP,89
0.0,GEKPYKCDECGKAFNRSSQLTAHKMIHTGEKP,89
0.0,GEKPYKCEECGKAFNRSSTLTKHKITHTGEKS,89
0.0,GVKPCKCSVCGKVFLRHSFLDRHMRAHAGHKR,90
0.0,GVKPCKCSVCGKVFLRHSFLDRHMRAHAGHKR,90
0.0,RKRPYECKVCGKAFNSPNLFQIHQRTHTGKRS,90
0.0,GEKRYECKYCGKPIDYPSLFQIHVRTHTGEKP,90
0.0,GEKPYKCKQCGKAFISAGYLRTHEIRSHALEK,90
1.0,LEKSHQCQECGKKLSCSSSLHRHERTHSGGKL,90
1.0,GGKLYECQKCAKVFRCPTSLQAHERAHTGERP,90
1.0,GERPYECNKCGKTFNYPSCFRRHKKTHSGEKP,90
1.0,GEKPYECTRCGKAFGWCSSLRRHEMTHTGEKP,90
0.0,GEKPFDCKQCGKVFTFSNYLRLHERTHLAGRS,90
0.0,VDKPYECKECGKAFRVRQQLTFHHRIHTGEKP,91
0.0,GEKPYECKECGMAFRQTAHLTRHQRLHSGEKL,91
0.0,GEKLYECKECGEAFICGADLRVHQKMHIGEKP,91
0.0,GEKPYECKECGKAFRVRGQLTLHQRIHTGEKP,91
0.0,ADRLYECKECGKAFLCGSGLRVHHKLHTGEKP,91
1.0,GEKPYECKECGKAFRVRQQLTLHQRIHTGEKP,91
1.0,GEKPYECKECGKTFSRGYHLILHHRIHTGEKP,91
1.0,GEKPYECKECWKAFSRYSQLISHQSIHIGVKP,91
1.0,GVKPYDCKECGKAFRLLSQLTQHQSIHIGEKP,91
1.0,GEKPYKCKECGKAFRLRQKLTLHQSIHTGEKP,91
1.0,GEKPFECKECRKAFRLNSSLIQHLRIHSGEKP,91
1.0,GEKPYECKECKKAFRQHSHLTHHLKIHNVKI,91
1.0,IEKKHTCNECGKSFCRKSVLILHQGIHSEEKP,92
1.0,EEKPYQCHQCGNAFRRKSYLIDHQRTHTGEKP,92
1.0,GEKPFVCNECGKSFRLKTALTDHQRTHTGEKS,92
1.0,GEKSYECLQCRNAFRLKSHLIRHQRTHTGEKP,92
1.0,GEKPYECNDCGKSFRQKTTLSLHQRIHTGEKP,92
1.0,GEKPYICKECGKSFHQKANLTVHQRTHTGEKP,92
1.0,GEKPYICNECGKSFSQKTTLALHEKTHNEEKP,92
1.0,EEKPYICSECGKSFRQKTTLVAHQRTHTGEKS,92
1.0,GEKSYECPHCGKAFRMKSYLIDHHRTHTGEKP,92
1.0,GEKPYECNECGKSFSQKTNLNLHQRIHTGEKP,92
0.0,GEKPYVCNECGKSFRQKATLTVHQKIHTGQKS,92
0.0,GQKSYECPQCGKAFSRKSYLIHHQRTHTGEKP,92
0.0,GEKPYKCSECGKCFRQKTNLIVHQRTHTGEKP,92
0.0,GEKPYVCNECGKSFSYKRNLIVHQRTHKGENI,92
1.0,GEKPYKCEECDKAFRHNSALQRHRRIHTGEKP,93
1.0,GEKPHKCNECGKTFSQKSYLACHRSIHTGKKP,93
1.0,GKKPYECEECDKAFSFKSNLESHRITHTGEKP,93
1.0,GEKPYKCNDCGKTFSHMSTLTCHRRLHTGEKP,93
1.0,GEKPYKCEECDEAFRFKSSLERHRRIHNGEKL,93
0.0,GEKLYKCNECGKTFSQELSLTCHCRLHSGEKP,93
0.0,TEKSYVCKECGKACSHGSKLVQHERTHTAEKH,94
0.0,AEKHFECKECGKNYLSAYQLNVHQRFHTGEKP,94
1.0,GEKPYECKECGKTFSWGSSLVKHERIHTGEKP,94
1.0,GVKSYKCKECGKAFFWGSSLAKHEIIHTGEKP,94
1.0,GEKPYKCKECGKAFSRGYQLTQHQKIHTGKKP,94
1.0,GKKPYECKICGKAFCWGYQLTRHQIFHTGEKP,94
1.0,GEKPYECKECGKAFNCGSSLIQHERIHTGEKP,94
1.0,GEKPYECKECGKAFSRGYHLSQHQKIHTGEKP,94
0.0,GEKPFECKECGKAFSWGSSLVKHERVHTGEKS,94
0.0,GEKSHECKECGKTFCSGYQLTRHQVFHTGEKP,94
0.0,GEKPYECKECGKAFNCGSSLVQHERIHTGEKP,94
1.0,GEKPYECKECGKAFSRGYHLTQHQKIHTGEKP,94
0.0,GEKPFKCKECGKAFSWGSSLVKHERVHTNEKS,94
0.0,NEKSYECKDCGKAFGSGYQLSVHQRFHTGEKL,94
0.0,GDKQYKCDVCGKLFNHEQYLACHDRCHTVEKP,95
0.0,VEKPYKCKECGKTFSQESSLTCHRRLHTGVKR,95
0.0,GEKPYKCEECDKVFSRKSTIETHKRIHTGEKP,95
0.0,GEKPYRCKVCDTAFTWHSQLARHRRIHTAKKT,95
0.0,AKKTYKCNECGKTFSHKSSLVCHHRLHGGEKS,95
0.0,GEKPYKCNECGKTFGQNSDLLIHKSIHTGEQP,95
0.0,GEQPYKCDECEKVFSRKSSLETHKIGHTGEKP,95
1.0,GEKPYKCKVCDKAFACHSYLAKHTRIHSGEKP,95
1.0,GEKPYKCNECSKTFSHRSYLVCHHRVHSGEKP,95
1.0,GEKPYKCNECSKTFSRRSSLHCHRRLHSGEKP,95
1.0,GEKPYKCNECGNTFRHCSSLIYHRRLHTGEKS,95
1.0,GEKSYKCTICDKAFVRNSLLSRHTRIHTAEKP,95
1.0,AEKPYKCNECGKAFNQQSHLSRHHRIHTGEKP,95
0.0,PRLLYSCRLCTFVSHYSSHLKRHMQTHSGEKP,96
0.0,GEKPFRCGRCPYASAQLVNLTRHTRTHTGEKP,96
0.0,GEKPYRCPHCPFACSSLGNLRRHQRTHAGPPT,96
1.0,SDKGFACSLCPFATHYPNHLARHMKTHSGEKP,96
1.0,GEKPFRCARCPYASAHLDNLKRHQRVHTGEKP,96
1.0,GEKPYKCPLCPYACGNLANLKRHGRIHSGDKP,96
1.0,GDKPFRCSLCNYSCNQSMNLKRHMLRHTGEKP,96
1.0,GEKPFRCATCAYTTGHWDNYKRHQKVHGHGGA,96
0.0,SKNAFECSECGKVFSKSSTLNKHQKIHNEKNA,97
0.0,KEKRYECRECGKAFHQSTHLIHHQRIHTGEKP,97
0.0,GEKPYECKECGKAFSVSSSLTYHQKIHTGEKP,97
1.0,GEKPFECNLCGKAFIRNIHLAHHHRIHTGEKP,97
1.0,GEKPFKCNICEKAFVCRAHLTKHQNIHSGEKP,97
1.0,GEKPYKCNECGKAFNQSTSFLQHQRIHTGEKP,97
1.0,GEKPFECNECGKAFRVNSSLTEHQRIHTGEKP,97
1.0,GEKPYKCNECGKAFRDNSSFARHRKIHTGEKP,97
1.0,GEKPYRCGLCEKAFRDQSALAQHQRIHTGEKP,97
1.0,GEKPYTCNICEKAFSDHSALTQHKRIHTREKP,97
1.0,REKPYKCKICEKAFIRSTHLTQHQRIHTGEKP,97
1.0,GEKPYKCNKCGKAFNQTANLIQHQRHHIGEK,97
0.0,AEKPYKCTECGKVFSRNSHLVEHWRIHTGQKP,98
0.0,GQKPYKCSECDKVFNRNSNLARHQRIHTGEKP,98
0.0,GEKPHKCNECGKAFRECSGLTTHLVIHTGEKP,98
0.0,GEKPYKCNECGKNFRHKFSLTNHQRSHTAEKP,98
0.0,AEKPYKCNECGKVFSLLSYLARHQIIHSTEKP,98
1.0,TEKPYKCNECGRAFHKRPGLMAHLLIHTGEKP,98
1.0,GEKPYKCNECDKVFGRKLYLTNHQRIHTGERP,98
1.0,GERPYKCNACGKVFNQNPHLSRHRKIHAGENS,98
0.0,EDRPYECKKCGKAFSQNSQFIQHQRIHIGEKS,99
1.0,GEKSYECKECGKFFSCGSHVTRHLKIHTGEKP,99
1.0,GEKPFECKECGKAFSCSSYLSQHQRIHTGKKP,99
1.0,GKKPYECKECGKAFSYCSNLIDHQRIHTGEKP,99
1.0,GEKPYECKVCGKAFTKSSQLFQHARIHTGEKP,99
1.0,GEKPYECKECGKAFTQSSKLVQHQRIHTGEKP,99
0.0,GEKPYECKECGKAFSSGSALTNHQRIHTGEKP,99
0.0,GEKPYDCKECGKAFTQSSQLRQHQRIHAGEKP,99
0.0,GEKPFECLECGKAFTQNSQLFQHQRIHTDEKP,99
0.0,DEKPYECNECGKAFNKCSNLTRHLRIHTGEKP,99
0.0,EPGSFHCALCPAAFRLVSELLFHEHGHLAGAE,100
0.0,GGDPSRCHVCGHSCPGPASLRAHYSLHTGERP,100
0.0,GERPYRCALCPRAFKALAPLLRHQHRHGVEPG,100
1.0,VGKPFACRFCAKPFRRSSDMRDHERVHTGERP,100
1.0,GERPYHCGICGKGFTQSSVLSGHARIHTGERP,100
1.0,GERPFRCTLCDRTFNNSSNFRKHQRTHFHGPG,100
1.0,GEKTFECGECGKTFWEKSNLTQHQRTHTGEKP,101
1.0,GEKPYECTECGKAFCQKPHLTNHQRTHTGEKP,101
1.0,GEKPYECKQCGKTFCVKSNLTEHQRTHTGEKP,101
1.0,GEKPYECNACGKSFCHRSALTVHQRTHTGEKP,101
1.0,GEKPFICNECGKSFCVKSNLIVHQRTHTGEKP,101
1.0,GEKPYKCNECGKTFCEKSALTKHQRTHTGEKP,101
1.0,GEKPYECNACGKTFSQRSVLTKHQRIHTRVKA,101
0.0,GKKVFKCKECGKSFCMLSHLTQHIRIHTRENS,102
0.0,RENSYKCEECGKVLNWFSELIKHKGIHMGEKP,102
1.0,GDKPYKCDECHKAFNWFATLTNHKRIHTGEKP,102
1.0,GEKPFKCEECGKDFNQFSNLTKHKKIHTGEKP,102
1.0,GEKPYKCEECGKAFNQFANLTRHKKIHTGEKS,102
1.0,GEKSYKCEECGKAFIQSSNLTEHMRIHTGEKP,102
1.0,GEKPYKCEECGKAFNGCSSLTRHKRIHTRENT,102
1.0,RENTYKCEECGKGFTLFSTLTNHKVIHTGEKS,102
0.0,GEKSYKCDECGNVFNWPATLANHKRIHAREKP,102
1.0,REKPYKCEECGKAFNRSSHLTRHKKIHTGEKL,102
0.0,GKKLFKCNECKKTFTQSSSLTVHQRIHTGEKP,103
1.0,GEKPYKCNECGKAFSDGSSFARHQRCHTGKKP,103
1.0,GKKPYECIECGKAFIQNTSLIRHWRYYHTGEK,103
1.0,GEKPFDCIDCGKAFSDHIGLNQHRRIHTGEKP,103
1.0,GEKPYKCDVCHKSFRYGSSLTVHQRIHTGEKP,103
1.0,GEKPYECDVCRKAFSHHASLTQHQRVHSGEKP,103
1.0,GEKPFKCKECGKAFRQNIHLASHLRIHTGEKP,103
1.0,GEKPFECAECGKSFSISSQLATHQRIHTGEKP,103
1.0,GEKPYECKVCSKAFTQKAHLAQHQKTHTGEKP,103
1.0,GEKPYECKECGKAFSQTTHLIQHQRVHTGEKP,103
1.0,GEKPYKCMECGKAFGDNSSCTQHQRLHTGQRP,103
1.0,GQRPYECIECGKAFKTKSSLICHRRSHTGEKP,103
0.0,GEKPYECSVCGKAFSHRQSLSVHQRIHSGKKP,103
0.0,GKKPYECKECRKTFIQIGHLNQHKRVHTGERS,103
0.0,GNRPYKCKLCGKAFFWPSLLRMHERTHTGEKP,104
0.0,GEKPYECKQCSKAFPFYSSYRRHERMHTGEKP,104
0.0,GEKPYECKQCSKALPDSSSYIRHERTHTGEKP,104
0.0,GEKPYTCKQCGKAFSVSSSLRRHETTHSAEKP,104
1.0,AEKPYECKQCGKTFHHLGSFQIHMKRHTGDRP,104
1.0,GDRPHKCKICGKGFDRPSLVRYHERIHTGEKP,104
1.0,GEKPYECKQCGKTLSHSSSFRRHMIMHTGGGP,104
1.0,GGGPHKCKICGKAFVYPSVCQRHEKSHSGEKP,104
1.0,GEKPYECKQCGKALSHSSSFRRHMVMHTGDGP,104
1.0,GDGPNKCKVCGKAFVYPSVCQRHEKTHWRETI,104
0.0,GQRYHRCGECGKAFTRKDTLARHQRIHTGERP,105
0.0,GERPYECNECGKFFSQSYDLFKHQTVHTGERP,105
0.0,GERPYECSECGKFFRQISGLIEHRRVHTGERL,105
1.0,GERLYQCGKCGKFFSSKSNLIRHQEVHTGARP,105
1.0,GARPYVCSECGKEFSRKHTLVLHQRTHTGERP,105
1.0,GERPYECSECGKAFSQSSHLNVHWRIHSSDYE,105
1.0,HSSDYECSRCGKAFSCISKLIQHQKVHSGEKP,105
0.0,GEKPYECSKCGKAFTQRPNLIRHWKVHTGERP,105
0.0,GERPYVCSECGREFIRKQTLVLHQRVHAGEKL,105
0.0,GEKPYKCKKCDKAFNKSSHLAQHQRIHTGEKP,106
1.0,GEKPFKCKECGKAFNRGSYLTQHQRIHTGERA,106
1.0,GERAFKCEECGKAFNRGSYLTQHQRIHTGEKP,106
1.0,GEKPFRCKECGKAFNRSSYVTQHQRMHTGEKP,106
1.0,GEKPFKCKECGKAFNRASHLTQHQRIHTGEKH,106
1.0,GEKHFKCKECGKAFNRGSHLTRHQRIHTGEKS,106
0.0,GEKSFKCEECGKAFIWGSHLTQHQRVHTGEKF,106
0.0,GEKFFKCKECGKAFTRSSHLTQHQRIHTGEKP,106
0.0,GEKPFKCKECGKAFNRRSTLTQHQIIHTR,106
0.0,QKKSWKCNECGKTFTQSSSLTQHQRTHTGERP,107
0.0,GERPYTCEECGKAFSRSSFLVQHQRIHTGVKP,107
0.0,GVKPYGCEQCGKTFRCRSFLTQHQRIHTGEKP,107
0.0,GEKPYKCNECGNSFRNHSHLTEHQRIHTGEKP,107
1.0,GEKPYKCNRCGKAFNQNTHLIHHQRIHTGEKP,107
1.0,GEKPYICSECGSSFRKHSNLTQHQRIHTGEKP,107
1.0,GEKPHKCDECGKTFQTKANLSQHQRIHSGEKP,107
1.0,GEKPYKCKECGKAFCQSPSLIKHQRIHTGEKP,107
1.0,GEKPYKCKECGKAFTQSTPLTKHQRIHTGERP,107
1.0,GERPYKCSECGKAFIQSICLIRHQRSHTGEKP,107
1.0,GEKPYKCNECGKGFNQNTCLTQHMRIHTGEKP,107
1.0,GEKPYKCKECGKAFAHSSSLTEHHRTHTGEKL,107
1.0,GEKLYKCSECEKTFRKYAHLSEHYRIHTGEKP,107
0.0,GEKPYECIECGKFFRHSSVLFRHQKLHSGD,107
0.0,REITLECRVCGKTFSKNSNLRRHEMIHTGEKP,108
1.0,GEKPHGCHLCGKAFTHCSDLRKHERTHTGEKP,108
1.0,GEKPYGCHLCGKAFSKSSNLRRHEMIHTREKA,108
1.0,REKAQICHLCGKAFTHCSDLRKHERTHLGDKP,108
1.0,GDKPYGCLLCGKAFSKCSYLRQHERTHNGEKP,108
1.0,GEKPYECHLCGKAFSHCSHLRQHERSHNGEKP,108
0.0,GEKPHGCHLCGKAFTESSVLKRHERIHTGEKP,108
0.0,GEKPYECHVCGKAFTESSDLRRHERTHTGEKP,108
0.0,GEKPYECHLCGKAFNHSSVLRRHERTHTGEKP,108
0.0,GEKPYECNICGKAFNRSYNFRLHRRVHTGEKP,108
0.0,GEKPYVCPLCGKAFSKFFNLRQHERTHTKKAM,108
1.0,REKPYKCEECGKAFNQSSHLTTHKIIHTGEKP,109
1.0,GEKPYKCEECGKAFNQFSNLTTHKKIHTGEQP,109
1.0,GEQPYICEECGKAFTQSSTLTTHKRIHTGEKP,109
1.0,GEKPYKCEECGKAFNRSSKLTEHKNIHTGEQP,109
1.0,GEQPYKCEECGKAFNRSSNLTEHRKIHTEEKP,109
1.0,EEKPYKCKECGKAFKHSSALTTHKRIHTGEKP,109
1.0,GEKPYKCEECGKAFNRSSKLTEHKKLHTGKKP,109
0.0,GKKPYKCEECGKAFIQSSKLTEHKKIHSGEIP,109
0.0,GEIPYKCEECGKAFKHSSSLTTHKRIHTGEKP,109
0.0,GEKPYKCEECGKAFSRSSKLTEHKIIHTGEKP,109
0.0,GEKPYKCERCDKAFNQSANLTKHKKIHTGEKL,109
0.0,GEKTHKCSKCGKAFGYSASLTKHRRIHTGEKP,110
0.0,GEKPYMCNECGKAFSDSSSLTPHHRTHSGEKP,110
1.0,GEKPFKCDDCGKGFTLSAHLIKHQRIHTGEKP,110
1.0,GEKPYKCKDCGRPFSDSSSLIQHQRIHTGEKP,110
1.0,GEKPYTCSNCGKSFSHSSSLSKHQRIHTGEKP,110
1.0,GEKPYKCGECGKAFRQNSCLTRHQRIHTGEKP,110
1.0,GEKPYLCNDCGMTFSHFTSVIYHQRLHSGEKP,110
0.0,GEKPYKCNQCEKAFPTHSLLSRHQRIHTGVKP,110
0.0,GVKPYKCKECGKSFSQSSSLNEHHRIHTGEKP,110
0.0,GEKPYECNYCGATFSRSSILVEHLKIHTGRRE,110
0.0,GRREYECNECEKTFKSNSGLIRHRGFHSAE,110
0.0,PKKAHSCEMCGAILGDILHLADHQGTHHKQKL,111
0.0,SREECYCWECGKSFSKYDSVSNHQRVHTGKRP,111
0.0,SREECYCWECGKSFSKYDSVSNHQRVHTGKRP,111
0.0,GKRPYECGECGKSFSHKGSLVQHQRVHTGKRP,111
0.0,GKRPYECGECGKSFSHKGSLVQHQRVHTGERP,111
1.0,GERPYECGECGKSFSQNGTLIKHQRVHTGERP,111
1.0,GERPYECEECGKCFTQKGNLIQHQRGHTSERP,111
1.0,SERPYECEECGKCFSQKGTLTEHHRVHTRERP,111
1.0,RERPYECGECGKSFSRKGHLRNHQRGHTGERP,111
0.0,GERPYECGECGKSFSRKGNLIQHQRSHTGERP,111
0.0,GERPYECRECRKLFRGKSHLIEHQRVHTGERP,111
0.0,GERPYECNECGKSFQDSSGFRVHQRVHTGEKP,111
0.0,GEKPFECSECGKSFPQSCSLLRHRRVHTGERP,111
0.0,GERPYECGECGKSFHQSSSLLRHQKTHTAERP,111
0.0,GERPYECRECGKTFTRRSAHFKHQRLHTRGKP,111
0.0,RGKPYECSECGKSFAETFSLTEHRRVHTGERP,111
0.0,GERPYECSECGKSFHRSSSLLRHQRVHTERSP,111
1.0,DGKTYRCRMCSLTFYSKSEMQIHSKSHTETKP,112
1.0,ETKPHKCPHCSKTFANSSYLAQHIRIHSGAKP,112
1.0,GAKPYSCNFCEKSFRQLSHLQQHTRIHSKMHT,112
0.0,TIKPHKCPHCSKTFANTSYLAQHLRIHSGAKP,112
0.0,GAKPYNCSYCQKAFRQLSHLQQHTRIHTGDRP,112
0.0,RPYKCAHPGCEKAFTQLSNLQSHRRQHNKDKP,112
0.0,KDKPFKCHNCHRAYTDAASLEVHLSTHTVKHA,112
0.0,HAKVYTCTICSRAYTSETYLMKHMRKHNPPDL,112
1.0,VEKPYKCNSCGKVFSRNSHLAEHCRIHTGEKP,113
1.0,GEKPYKCNVCGKVFSYNSNFARHQRIHTREKP,113
1.0,REKPYECNECGKVFSNNSYLARHQRIHAEEKP,113
0.0,GEKPYKCDECGKAFYRIALLVRHQKIHTGEKP,113
0.0,GEKPYKCNECGKVFIQNSHLAQHWRIHTGEKP,113
0.0,GEKPYKCNECGKVFNQLSNLARHRRIHTGEKP,113
0.0,GEKPYKCNECGKAFSEYSGLSAHLVIHTGEKP,113
0.0,GEKPYKCSECGKAFRHKLSLTNHQRIHTGERP,113
0.0,GERPYKCNECGKVFNRIAHLARHRKIHTGEKP,113
0.0,GEKPYKCNECGKAFSRISYLAQHWTIHMG,113
0.0,RRFICSFPDCSANYSKAWKLDAHLCKHTGERP,114
0.0,RPFVCDYEGCGKAFIRDYHLSRHILTHTGEKP,114
1.0,KPFVCAANGCDQKFNTKSNLKKHFERKHENQQ,114
1.0,KQYICSFEDCKKTFKKHQQLKIHQCQHTNEPL,114
1.0,PLFKCTQEGCGKHFASPSKLKRHAKAHEGYVC,114
0.0,HKEEILCEVCRKTFKRKDYLKQHMKTHAPERD,114
0.0,DVCRCPREGCGRTYTTVFNLQSHILSFHEESR,114
0.0,RPFVCEHAGCGKTFAMKQSLTRHAVVHDPDKK,114
0.0,IEKPYECKECGKSFRHPSRLTHHQKIHTGKKP,115
1.0,GKKPFECKECGKTFICGSDLTRHHRIHTGEKP,115
1.0,GEKPYECKECGKAFSSGSNFTRHQRIHTGEKP,115
1.0,GEKPYECKECGKAFSSGSNFTQHQRIHTGEKP,115
1.0,GEKPYECKECGNAFSQSSQLIKHQRIHTGEKP,115
1.0,GEKPYECKECEKAFRSGSDLTRHQRIHTGEKP,115
1.0,GEKPYECKICGKAYSQSSQLISHHRIHTSEKP,115
0.0,GLKPCECSICGKVFVRHSLLNRHILAHSGYKP,116
0.0,GLKPCECSICGKVFVRHSLLNRHILAHSGYKP,116
0.0,GEKQYKCEQCGKFFVSVPGVRRHMIMHSGNPA,116
0.0,GNPAYKCTICGKAFYFLNSVERHQRTHTGEKP,116
0.0,GEKPYKCKQCGKAFTVSGSCLIHERTHTGEKP,116
1.0,GEKPYECKECGKTFRFSCSFKTHERTHTGERP,116
1.0,GERPYKCTKCDKAFSCSTSLRYHGSIHTGERP,116
1.0,GERPYECKQCGKAFSRLSSLCNHRSTHTGEKP,116
1.0,GEKPYECKQCDQAFSRLSSLHLHERIHTGEKP,116
1.0,GEKPYECKKCGKAYTRSSHLTRHERSHDIEAG,116
0.0,VELSFICGTCGKALSCHSRLLAHQTVHTGTKA,117
1.0,GTKAFECPECGQTFRWASNLQRHQKNHTREKP,117
1.0,REKPFCCEACGQAFSLKDRLAQHRKVHTEHRP,117
1.0,EHRPYSCGDCGKAFKQKSNLLRHQLVHTGERP,117
1.0,GERPFYCADCGKAFRTKENLSHHQRVHSGEKP,117
1.0,GEKPYTCAECGKSFRWPKGFSIHRRLHLTKRF,117
0.0,TKRFYECGHCGKGFRHLGFFTRHQRTHRHGEV,117
0.0,GSQVCRCSECGKIFRNPRYFSVHKKIHTGERP,118
0.0,GSQVCRCSECGKIFRNPRYFSVHKKIHTGERP,118
1.0,GERPYVCQDCGKGFVQSSSLTQHQRVHSGERP,118
1.0,GERPFECQECGRTFNDRSAISQHLRTHTGAKP,118
1.0,GAKPYKCQDCGKAFRQSSHLIRHQRTHTGERP,118
1.0,GERPYACNKCGKAFTQSSHLIGHQRTHNRTKR,118
0.0,GKRHYKCSECGKAFGQKYLLVQHQRLHAGKKT,119
0.0,GKKTYECSECGKLFRDMSNLFIHQIVHTGERP,119
0.0,GERPYGCSNCGKSFSRNAHLIEHQRVHTGEKP,119
1.0,GEKPFTCSECGKAFRHNSTLVQHHKIHTGVRP,119
1.0,GVRPYECSECGKLFSFNSSLMKHQRIHTGERP,119
1.0,GERPYKCSECGKFYSHKSNLIKHWRVHTGERP,119
1.0,GERPYKCSDCGKFFTQCSSLMQHQKVHTGEKP,119
1.0,GEKPFKCNECGRFFRENSTLVRHQRVHTGAKP,119
1.0,GAKPYECRECGKFFSQSSTLMQHRKVHIGEKP,119
1.0,GEKPFKCNECGRLFRENSSLVKHQRVHTGAKP,119
0.0,GAKPYECRECGKFFRHNSSLFKHRRIHTGEMQ,119
1.0,GERRHRCNECGKSFTKSSVLIEHQRIHTGEKP,120
1.0,GEKPYECEECGKAFSRRSSLNEHRRSHTGEKP,120
1.0,GEKPYQCKECGKAFSASNGLTRHRRIHTGEKP,120
1.0,GEKPYECKVCGKAFLLSSCLVQHQRIHTGEKR,120
1.0,GEKRYQCRECGKAFIQNAGLFQHLRVHTGEKP,120
0.0,GEKPYQCSQCSKLFSKRTLLKKHQKIHTGERP,120
1.0,SAIACPQSGCTRKLRNRAALRKHLLIHGPRDH,121
1.0,GPRDHVCAECGKAFVESSKLKRHFLVHTGEKP,121
1.0,KPFRCTFEGCGKRFSLDFNLRTHVRIHTGEKR,121
1.0,KRFVCPFQGCNRRFIQSNNLKAHILTHANTNK,121
0.0,RVNFYKCEDCGKAFNGSSIFTKHKRIHIGEKS,122
1.0,GEKPYKCEECGKAFNQSSHLTRHKIIHTGEKP,122
0.0,GEKPYRCEECGKAFRQSSHLTTHKIIHTGEKP,122
0.0,GEKPYKCEECGKAFNKSSHLTRHKSIHTGEKP,122
0.0,GEKPYQCEKCGKASNQSSNLTEHKNIHTEEKP,122
0.0,GEKSYKCEECGKAFYRSSKLTEHKKIHTGEKP,122
1.0,GEKPYTCEECGKAFNHSSHLATHKVIHTGEKP,122
1.0,GEKPYQCEKCGKAFNQSSNLTGHKKIHTGEKL,122
0.0,GEKPFKCKKCDESFCMLLHLHQHKRIHIRENS,123
0.0,RENSYQCEECDKVFKRFSTLTRHKRVHTGEKP,123
0.0,GEKPYRCEECGKAFYHSSHLTTHKVIHTGEKP,123
0.0,GEKPFKCEECGKAFNHPSALTTHKFIHVKEKP,123
0.0,KEKPYKCEECDKAFNRFSYLTKHKIIHSGEKS,123
0.0,GEKSYKCEQCGKGFNWSSTLTKHKRIHTGEKP,123
0.0,GEKPYKCEECGKAFNVSSHLTTHKMIHTGEKP,123
1.0,GEKPYKCEECGKAFNHSSKLTIHKIIHTGEKP,123
1.0,GEKPYKCEECGKAFNQSSNLTKHKIIHTGEKL,123
1.0,GEKLYKCEECGKAFNRSSNLTTHKRIHTGEKP,123
1.0,GEKPYKCEECGKAFNRSSNLTKHNIIHTGEKS,123
1.0,NEKPYKCKECGKAFKYGSRLIQHENIHSGKKP,124
1.0,GKKPYECKECGKAFNSGSNFIQHQRVHTGEKP,124
1.0,GEKPYECKDCEKAFSRSSQLIEHQRTHTGEKP,124
1.0,GEKPYQCKECGKAFNRISHLKVHYRIHTGEKP,124
1.0,GEKPYACKECGKTFSHRSQLIQHQTVHTGRKL,124
1.0,GRKLYECKECGKAFNQGSTLIRHQRIHTGEKP,124
1.0,GEKPYECKVCGKAFRVSSQLKQHQRIHTGEKP,124
1.0,GEKPYQCKVCGRAFKRVSHLTVHYRIHTGEKP,124
1.0,GEKPYECKECGKAFSHCSQLIHHQVIHTEKKP,124
1.0,EKKLLKCNDCEKVFSQSSSLTLHQRIHTGEKP,125
1.0,GEKPYKCIECGKAFSQRSNLVQHQRIHTGEKP,125
1.0,GEKPYECKECRKAFSQNAHLVQHLRVHTGEKP,125
1.0,GEKPYECKVCRKAFSQFAYLAQHQRVHTGEKP,125
1.0,GEKPYECIECGKAFSNRSSIAQHQRVHTGEKP,125
1.0,GEKPYECNVCGKAFSLRAYLTVHQRIHTGERP,125
1.0,GERPYECKECGKAFSQNSHLAQHQRIHTGEKP,125
0.0,GEKPYKCQECRKAFSQIAYLAQHQRVHTGEKP,125
0.0,GEKPYECIECGKAFSNDSSLTQHQRVHTGEKP,125
0.0,GEKPYECTVCGKAFSYCGSLAQHQRIHTGERP,125
0.0,GERPYECKECKKTFRQHAHLAHHQRIHIGESL,125
1.0,GEKPHTCKECGKAFNQNSHLIQHMRVHSGEKP,126
1.0,GEKPFECKECGKTFGTNSSLRRHLRIHAGEKP,126
1.0,GEKPFACNECGKAFIQSSHLIHHHRIHTGERP,126
1.0,GERPYKCEECGKAFSQNSALILHQRIHTGEKP,126
1.0,GEKPYECNECGKTFRVSSQLIQHQRIHTEERY,126
1.0,EERYHECNECGKAFKHSSGLIRHQKIHTGEKP,126
0.0,GEKPYLCNECGKGFGQSSELIRHQRIHTGDKP,126
0.0,GDKPYECNECGKTFGQNSEIIRHIRIHTGEKP,126
0.0,GEKPYVCKECGKAFRGNSELLRHERIHTGEKP,126
0.0,GEKPYECFECGKAFRRTSHLIVHQRIHTGEKP,126
0.0,GEKPHQCNECARTFWDNSELLLHQKIHIGEKP,126
0.0,GEKPYECSECEKTFSQHSQLIIHQRIHTGEKP,126
0.0,GEKPYECQECQKTFSRSSHLLRHQSVHCME,126
0.0,VGQQLKCNACRKLFSSKSRLQSHLRRHACQKP,127
0.0,CQKPFECHSCGRAFGEKWKLDKHQKTHAEERP,127
0.0,EERPYKCENCGNAYKQKSNLFQHQKMHTKEKP,127
0.0,KEKPYQCKTCGKAFSWKSSCINHEKIHNAKKS,127
0.0,AKKSYQCNECEKSFRQNSTLIQHKKVHTGQKP,127
1.0,GQKPFQCTDCGKAFIYKSDLVKHQRIHTGEKP,127
1.0,GEKPYKCSICEKAFSQKSNVIDHEKIHTGKRA,127
1.0,GKRAYECDLCGNTFIQKKNLIQHKKIHTGEKP,127
1.0,GEKPYECNRCGKAFFQKSNLHSHQKTHSGERT,127
0.0,GERTYRCSECGKTFIRKLNLSLHKKTHTGQKP,127
0.0,GQKPYGCSECGKAFADRSYLVRHQKRIHSR,127
0.0,GRKMHECHQCQKAFTTSASLTRHRRIHTGEKP,128
0.0,GEKPYECSDCGKAFNDPSALRSHARTHLKEKP,128
0.0,KEKPFDCSQCGNAFRTLSALKIHMRVHTGERP,128
1.0,GERPYKCDQCGKAYGRSCHLIAHKRTHTGERP,128
1.0,GERPYECHDCGKAFQHPSHLKEHVRNHTGEKP,128
1.0,GEKPYACTQCGKAFRWKSNFNLHKKNHMVEKT,128
1.0,VEKTYECKECGKSFGDLVSRRKHMRIHIVKKP,128
0.0,VKKPVECRQCGKTFRNQSILKTHMNSHTGEKP,128
0.0,GEKPYGCDLCGKAFSASSNLTAHRKIHTQERR,128
0.0,QERRYECAACGKVFGDYLSRRRHMSVHLVKKR,128
0.0,VKKRVECRQCGKAFRNQSTLKTHMRSHTGEKP,128
0.0,GEKPYECDHCGKAFSIGSNLNVHRRIHTGEKP,128
0.0,GEKPYECLVCGKAFSDHSSLRSHVKTHRGEKL,128
1.0,EEKPFHCPYCGNNFRRKSYLIEHQRIHTGEKP,129
1.0,GEKPYVCNQCGKAFRQKTALTLHEKTHIEGKP,129
1.0,EGKPFICIDCGKSFRQKATLTRHHKTHTGEKA,129
1.0,GEKAYECPQCGSAFRKKSYLIDHQRTHTGEKP,129
1.0,GEKPYQCNECGKAFIQKTTLTVHQRTHTGEKP,129
1.0,GEKPYICNECGKSFCQKTTLTLHQRIHTGEKP,129
1.0,GEKPYICNECGKSFRQKAILTVHHRIHTGEKS,129
1.0,GEKSNGCPQCGKAFSRKSNLIRHQKTHTGEKP,129
0.0,GEKPYECKQCGKFFSCKSNLIVHQKTHKVETT,129
0.0,AGQIFMCPLCNKVFPSPHILQIHLSTHFREQD,130
1.0,DVNVPTCSLCGKTFSCMYTLKRHERTHSGEKP,130
1.0,GEKPYTCTQCGKSFQYSHNLSRHAVVHTREKP,130
1.0,REKPHACKWCERRFTQSGDLYRHIRKFHCELV,130
0.0,KEKSCKCNECGKAFSYCSALIRHQRTHTGEKP,131
0.0,KEKSCKCNECGKAFSYCSALIRHQRTHTGEKP,131
0.0,GEKPYKCNECEKAFSRSENLINHQRIHTGDKP,131
0.0,GDKPYKCDQCGKGFIEGPSLTQHQRIHTGEKP,131
1.0,GEKPYKCDECGKAFSQRTHLVQHQRIHTGEKP,131
1.0,GEKPYTCNECGKAFSQRGHFMEHQKIHTGEKP,131
1.0,GEKPFKCDECDKTFTRSTHLTQHQKIHTGEKT,131
0.0,GEKTYKCNECGKAFNGPSTFIRHHMIHTGEKP,131
0.0,GEKPYECNECGKAFSQHSNLTQHQKTHTGEKP,131
0.0,GEKPYDCAECGKSFSYWSSLAQHLKIHTGEKP,131
0.0,GEKPYKCNECGKAFSYCSSLTQHRRIHTREKP,131
0.0,REKPFECSECGKAFSYLSNLNQHQKTHTQEKA,131
0.0,QEKAYECKECGKAFIRSSSLAKHERIHTGEKP,131
0.0,GEKPYQCHECGKTFSYGSSLIQHRKIHTGERP,131
0.0,GERPYKCNECGRAFNQNIHLTQHKRIHTGAKP,131
0.0,GAKPYECAECGKAFRHCSSLAQHQKTHTEEKP,131
0.0,EEKPYQCNKCEKTFSQSSHLTQHQRIHTGEKP,131
0.0,GEKPYKCNECDKAFSRSTHLTEHQNTHTGEKP,131
0.0,GEKPYNCNECRKTFSQSTYLIQHQRIHSGEKP,131
0.0,GEKPFGCNDCGKSFRYRSALNKHQRLHPGI,131
0.0,GGRRHICHECGKSFAQSSGLSKHRRIHTGEKP,132
0.0,GEKPYECEECGKAFIGSSALVIHQRVHTGEKP,132
1.0,GEKPYECEECGKAFSHSSDLIKHQRTHTGEKP,132
1.0,GEKPYECDDCGKTFSQSCSLLEHHRIHTGEKP,132
1.0,GEKPYQCSMCGKAFRRSSHLLRHQRIHTGDKN,132
0.0,TPMSYKCNECERSFTQNTGLIEHQKIHTGEKP,132
0.0,GEKPYQCNACGKGFTRISYLVQHQRSHVGKNI,132
1.0,AGGRHACGECGKTYATSSNLSRHKQTHRSLDS,133
1.0,SQLARRCPTCGKVYVSMPAMAMHLLTHDLRHK,133
1.0,HDLRHKCGVCGKAFSRPWLLQGHMRSHTGEKP,133
1.0,GEKPFGCAHCGKAFADRSNLRAHMQTHSAFKH,133
0.0,GIRYHICSHCGKAFSQISDLNRHQKTHTGDRP,134
0.0,GDRPYKCYECGKGFSRSSHLIQHQRTHTGERP,134
0.0,GERPYDCNECGKSFGRSSHLIQHQTIHTGEKP,134
0.0,GEKPHKCNECGKSFCRLSHLIQHQRTHSGEKP,134
0.0,GEKPYECEECGKSFSRSSHLAQHQRTHTGEKP,134
0.0,GEKPYECNECGRGFSERSDLIKHYRVHTGERP,134
1.0,GERPYKCDECGKNFSQNSDLVRHRRAHTGEKP,134
1.0,GEKPYHCNECGENFSRISHLVQHQRTHTGEKP,134
1.0,GEKPYECNACGKSFSRSSHLITHQKIHTGEKP,134
1.0,GEKPYECNECWRSFGERSDLIKHQRTHTGEKP,134
1.0,GEKPYECVQCGKGFTQSSNLITHQRVHTGEKP,134
0.0,GEKPYECTECEKSFSRSSALIKHKRVHTD,134
0.0,LEKHHVCSECGKAFIKKSWLTDHQVMHTGEKP,135
1.0,GEKPHRCSLCEKAFSRKFMLTEHQRTHTGEKP,135
1.0,GEKPYECPECGKAFLKKSRLNIHQKTHTGEKP,135
1.0,GEKPYICSECGKGFIQKGNLIVHQRIHTGEKP,135
1.0,GEKPYICNECGKGFIQKTCLIAHQRFHTGKTP,135
1.0,GKTPFVCSECGKSCSQKSGLIKHQRIHTGEKP,135
1.0,GEKPFECSECGKAFSTKQKLIVHQRTHTGERP,135
1.0,GERPYGCNECGKAFAYMSCLVKHKRIHTREKQ,135
1.0,GPRPNICGICGKSFGRGSTLIQHQRIHTGEKP,136
1.0,GEKPYKCEVCSKAFSQSSDLIKHQRTHTGERP,136
1.0,GERPYKCPRCGKAFADSSYLLRHQRTHSGQKP,136
1.0,GQKPYKCPHCGKAFGDSSYLLRHQRTHSHERP,136
1.0,HERPYSCTECGKCYSQNSSLRSHQRVHTGQRP,136
0.0,GQRPFSCGICGKSFSQRSALIPHARSHAREKP,136
0.0,REKPFKCPECGKRFGQSSVLAIHARTHLPGRT,136
0.0,PGRTYSCPDCGKTFNRSSTLIQHQRSHTGERP,136
0.0,GERPYRCAVCGKGFCRSSTLLQHHRVHSGERP,136
0.0,GERPYKCDDCGKAFSQSSDLIRHQRTHAAGRR,136
0.0,GKKPFKCKKCDKSFCMLLHLTQHKRIHIRENS,137
1.0,RENSYQCEECGKVFNWFSTLTRHRRIHTGEKP,137
1.0,GEKPYKCEQCGKAFKQSSTLTTHKIIHTGEKP,137
1.0,GEKPYRCEECGKTFNRSSHLTTHKRIHTGEKP,137
1.0,GEKPYRCEECGRAFNRSSHLTTHKIIHTGEKP,137
1.0,GEKPYKCEECGKAFNQSSTLTTHKIIHAGEKP,137
1.0,GEKPYKCEECGKAFYRFSYLTKHKIIHTGEKF,137
0.0,GEKFYKCEECGKGFNWSSTLTKHKRIHTGEKP,137
0.0,GEKPYKCEQCGKAFNESSNLTAHKIIHTGEKP,137
0.0,GEKPYKCEECGKAFNRSPKLTAHKVIHSGEKP,137
0.0,GEKPYKCEECGKAFNQFSNLTKHKITHIGDTS,137
1.0,GEKPYKCNVCGKKFRKYPSLLKHQSTHAKEKS,138
1.0,KEKSYECEECGKEFRHISSLIAHQRMHTGEKP,138
1.0,GEKPYECHQCGKAFSQRAHLTIHQRIHTGEKP,138
1.0,GEKPYKCDDCGKDFSQRAHLTIHQRTHTGEKP,138
1.0,GEKPYKCLECGKTFSHSSSLINHQRVHTGEKP,138
1.0,GEKPYICNECGKTFSQSTHLLQHQKIHTGKKP,138
1.0,GKKPYKCNECWKVFSQSTYLIRHQRIHSGEKC,138
1.0,GEKCYKCNECGKAFAHSSTLIQHQTTHTGEKS,138
1.0,GEKSYICNICGKAFSQSANLTQHHRTHTGEKP,138
1.0,GEKPYKCSVCGKAFSQSVHLTQHQRIHNGEKP,138
0.0,GEKPFKCNICGKAYRQGANLTQHQRIHTGEKP,138
0.0,GEKPYKCNECGKAFIYSSSLNQHQRTHTGERP,138
0.0,GERPYKCNECDKDFSQRTCLIQHQRIHTGEKP,138
0.0,GEKPYACRICGKTFTQSTNLIQHQRVHTGAKH,138
1.0,GEKVYECKECRKTFIRRSTLSQHLRIHTGEKP,139
1.0,GEKPYKCKECGQAFRQRAHLIRHHKLHTGEKP,139
1.0,GEKPYECKECGKAFTVLQELTQHQRLHTGEKP,139
1.0,GEKPYECKECGKAFRVHQQLARHQRIHTGEKP,139
1.0,GEKPYECKDCGKTFRQCTHLTRHQRLHTAEKL,139
0.0,AEKLYECKECGKAFVCGPDLRVHQKIHFGEKP,139
0.0,GEKPYECKECGKAFRICQQLTVHQSIHTGEKP,139
0.0,GEKPYECKECGKTFRLRQQLVRHQRIHTREKP,139
0.0,REKPYECMECWKTFSSYSQLISHQSIHIGERP,139
0.0,GEKPYECKECRKPFRLLSQLTQHQSIHTGEKP,139
0.0,GEKPYECKECGKAFRLYSFLTQHQRIHTGEKP,139
0.0,GEKPYKCKECKKAFRQHSHLTQHQKIHNGI,139
0.0,FQKAHPCEMCDPLLKDILHLAEHQGSHLTQKL,140
0.0,TQKLCTRGLCRRRFSFSANFYQHQKQHNGENC,140
0.0,EVRPFRCLPCGNVFKEKSALINHRKIHSGEIS,140
0.0,GEISHVCKECGKAFIHLHHLKMHQKFHTGKRH,140
1.0,GKRHYTCSECGKAFSRKDTLVQHQRVHTGERS,140
1.0,GERSYDCSECGKAYSRSSHLVQHQRIHTGERP,140
1.0,GERPYECSECGKFFSQSSHLIEHWRIHTGARP,140
1.0,GARPYECIECGKFFSHNSSLIKHRRVHTGARS,140
0.0,GARSYVCSKCGKAFGCKDTLVQHQIIHTGARP,140
1.0,GARPYECSECGKAFSRKDTLVQHQKIHTGERP,140
0.0,GERPYECGECGKFFSHSSNLIVHQRIHTGAKP,140
0.0,GAKPYECNECGKCFSHNSSLILHQRVHTGARP,140
0.0,GARPYVCSECGKAYISSSHLVQHKKVHTGARP,140
0.0,GARPYECSECGKFFSRNSGLILHQRVHTGEKP,140
0.0,GEKPYVCSECGKAYSRSSHLVRHQKAHTGERA,140
1.0,SKAKPMCNTCGKVFSEASSLRRHMRIHKGVKP,141
1.0,GVKPYVCHLCGKAFTQCNQLKTHVRTHTGEKP,141
1.0,GEKPYKCELCDKGFAQKCQLVFHSRMHHGEEK,141
1.0,EEKPYKCDVCNLQFATSSNLKIHARKHSGEKP,141
0.0,GEKPYVCDRCGQRFAQASTLTYHVRRHTGEKP,141
0.0,GEKPYVCDTCGKAFAVSSSLITHSRKHTGEKP,141
0.0,GEKPYICGICGKSFISSGELNKHFRSHTGERP,141
0.0,GERPFICELCGNSYTDIKNLKKHKTKVHSGAD,141
0.0,KPEIHPCPSCCLAFSSQKFLSQHVERNHSSQN,142
0.0,GEKLYVCRECGRGFSWKSHLLIHQRIHTGEKP,142
0.0,GEKPYVCRECGRGFSRQSVLLTHQRRHTGEKP,142
0.0,GEKPYVCRECGRGFSRQSVLLTHQRRHTGEKP,142
1.0,GEKPYVCRECGRGFSWQSVLLTHQRTHTGEKP,142
1.0,GEKPYVCRECGRGFSWQSVLLTHQRTHTGEKP,142
1.0,GEKPYVCRECGRGFSNKSHLLRHQRTHTGEKP,142
1.0,GEKPYVCRECGRGFRDKSHLLRHQRTHTGEKP,142
1.0,GEKPYVCRECGRGFRDKSNLLSHQRTHTGEKP,142
1.0,GEKPYVCRECGRGFSNKSHLLRHQRTHTGEKP,142
1.0,GEKPYVCRECGRGFRNKSHLLRHQRTHTGEKP,142
0.0,GEKPYVCRECGRGFSDRSSLCYHQRTHTGEKP,142
0.0,KENSFECKDCGKAFSRGYQLSQHQKIHTGEKP,143
0.0,GEKPYECKECKKAFRWGNQLTQHQKIHTGEKP,143
0.0,GEKPYECKDCGKAFRWGSSLVIHKRIHTGEKP,143
0.0,GEKPYECKDCGKAFRRGDELTQHQRFHTGEKD,143
0.0,GEKDYECKDCGKTFSRVYKLIQHKRIHSGEKP,143
0.0,GEKPYECKDCGKAFICGSSLIQHKRIHTGEKP,143
1.0,GEKPYECQECGKAFTRVNYLTQHQKIHTGEKP,143
1.0,GEKPHECKECGKAFRWGSSLVKHERIHTGEKP,143
1.0,GEKPYKCTECGKAFNCGYHLTQHERIHTGETP,143
0.0,GETPYKCKECGKAFIYGSSLVKHERIHTGVKP,143
0.0,GVKPYGCTECGKSFSHGHQLTQHQKTHSGAKS,143
0.0,GAKSYECKECGKACNHLNHLREHQRIHNS,143
0.0,EKKTYDCSECGKAFSRSSSLIKHQRIHTGEKP,144
0.0,GEKPFECDTCGKHFIERSSLTIHQRVHTGEKP,144
1.0,GEKPYACGDCGKAFSQRMNLTVHQRTHTGEKP,144
1.0,GEKPYVCDVCGKAFRKTSSLTQHERIHTGEKP,144
1.0,GEKPYACGDCGKAFSQNMHLIVHQRTHTGEKP,144
1.0,GEKPYVCPECGRAFSQNMHLTEHQRTHTGEKP,144
1.0,GEKPYACKECGKAFNKSSSLTLHQRNHTGEKP,144
1.0,GEKPYVCGECGKAFSQSSYLIQHQRFHIGVKP,144
1.0,GVKPFECSECGKAFSKNSSLTQHQRIHTGEKP,144
1.0,GEKPYECYICKKHFTGRSSLIVHQIVHTGEKP,144
0.0,GEKPYVCGECGKAFSQSAYLIEHQRIHTGEKP,144
0.0,GEKPYRCGQCGKSFIKNSSLTVHQRIHTGEKP,144
0.0,GEKPYRCGECGKTFSRNTNLTRHLRIHT,144
1.0,GENPYTCNECGKTFSHNSALLVHKAIHTGEKP,145
1.0,GEKPYKCNECGKVFNQQSNLARHHRVHTGEKP,145
1.0,GEKPYKCEECDKVFSRKSHLERHRRIHTGEKP,145
1.0,GEKPYKCKVCDKAFRRDSHLAQHTVIHTGEKP,145
1.0,GEKPYKCNECGKTFVQNSSLVMHKVIHTGEKR,145
1.0,GEKRYKCNECGKVFNHKSNLACHRRLHTGEKP,145
1.0,GEKPYKCNECGKVFNRKSNLERHHRLHTGKKS,145
0.0,RERPYECIECGKAFAEKSSLINHRKVHSGAKR,146
0.0,GAKRYECNECGKSFAYTSSLIKHRRIHTGERP,146
0.0,GERPYECSECGRSFAENSSLIKHLRVHTGERP,146
1.0,GERPYECVECGKSFRRSSSLLQHQRVHTRERP,146
1.0,RERPYECSECGKSFSLRSNLIHHQRVHTGERH,146
1.0,TGERHECGQCGKSFSRKSSLIIHLRVHTGERP,146
1.0,GERPYECSDCGKSFAENSSLIKHLRVHTGERP,146
0.0,GERPYECIDCGKSFRHSSSFRRHQRVHTGMRP,146
0.0,GEKSHTCDECGKNFCYISALRIHQRVHMGEKC,147
0.0,GEKCYKCDVCGKEFSQSSHLQTHQRVHTGEKP,147
0.0,GEKPFKCVECGKGFSRRSALNVHHKLHTGEKP,147
0.0,GEKPYNCEECGKAFIHDSQLQEHQRIHTGEKP,147
1.0,GEKPFKCDICGKSFCGRSRLNRHSMVHTAEKP,147
1.0,AEKPFRCDTCDKSFRQRSALNSHRMIHTGEKP,147
1.0,GEKPYKCEECGKGFICRRDLYTHHMVHTGEKP,147
1.0,GEKPYNCKECGKSFRWASCLLKHQRVHSGEKP,147
1.0,GEKPFKCEECGKGFYTNSQCYSHQRSHSGEKP,147
1.0,GEKPYKCVECGKGYKRRLDLDFHQRVHTGEKL,147
1.0,GEKLYNCKECGKSFSRAPCLLKHERLHSGEKP,147
0.0,GEKPFQCEECGKRFTQNSHLHSHQRVHTGEKP,147
0.0,GEKPYKCEKCGKGYNSKFNLDMHQKVHTGERP,147
0.0,GERPYNCKECGKSFGWASCLLKHQRLHSGEKP,147
0.0,GEKPFKCEECGKRFTQNSQLHSHQRVHTGEKP,147
0.0,GEKPYKCDECGKGFSWSSTRLTHQRRHSRETP,147
0.0,VEKPYKCEDCGKGYNRRLNLDMHQRVHMGEKT,147
0.0,GEKTWKCRECDMCFSQASSLRLHQNVHVGEKP,147
0.0,GKKSFKCKECEKSFCMLSHLAQHKRIHSGEKP,148
0.0,GEKPYKCKECGKAYNETSNLSTHKRIHTGKKP,148
1.0,GKKPYKCEECGKAFNRLSHLTTHKIIHTGKKP,148
1.0,GKKPYKCEECGKAFNQSANLTTHKRIHTGEKP,148
1.0,GEKPYKCEECGRAFSQSSTLTAHKIIHAGEKP,148
1.0,GEKPYKCEECGKAFSQSSTLTTHKIIHTGEKF,148
1.0,GEKFYKCEECGKAFSQLSHLTTHKRIHSGEKP,148
0.0,GEKFYKCEVCSKAFSRFSHLTTHKRIHTGEKP,148
0.0,GEKPYKCEECGKAFNLSSQLTTHKIIHTGEKP,148
0.0,GEKPYKCEECGKAFNQSSTLSKHKVIHTGEKP,148
0.0,GEKPYKCEECGKAFNNSSILNRHKMIHTGEKL,148
0.0,KMKTFECNICEKIFKQLIHLTEHMRIHTGEKP,149
0.0,GEKPFRCKECGKAFSQSSSLIPHQRIHTGEKP,149
0.0,GEKPYECKECGKTFRHPSSLTQHVRIHTGEKP,149
0.0,GEKPYECRVCEKAFSQSIGLIQHLRTHVREKP,149
0.0,REKPFTCKDCGKAFFQIRHLRQHEIIHTGVKP,149
1.0,GVKPYICNVCSKTFSHSTYLTQHQRTHTGERP,149
1.0,GERPYKCKECGKAFSQRIHLSIHQRVHTGVKP,149
1.0,GVKPYECSHCGKAFRHDSSFAKHQRIHTGEKP,149
1.0,GEKPYDCNECGKAFSCSSSLIRHCKTHLRNTF,149
0.0,GEKSHTCDECGKSFCYISALHIHQRVHMGVKC,150
0.0,GVKCYKCDVCGKEFSQSSRLQTHQRVHTGEKP,150
1.0,GEKPFKCEQCGKGFRCRSALKVHCKLHMREKP,150
1.0,REKPYNCEKCGKAFMHNFQLQKHHRIHTGEKP,150
1.0,GEKPFKCEICGKSFCLRSSLNRHCMVHTAEKL,150
0.0,GQKPYNCKECGKSFKWSSYLLVHQRVHTGEKP,150
0.0,GEKPYKCEECGKGYISKSGLDFHHRTHTGERS,150
0.0,GERSYNCDNCGKSFRHASSILNHKKLHCQRKP,150
0.0,TSGKMNCDVCGLSCISFNVLMVHKRSHTGERP,151
1.0,GERPFQCNQCGASFTQKGNLLRHIKLHTGEKP,151
1.0,GEKPFKCHLCNYACQRRDALTGHLRTHSVEKP,151
0.0,VMDVYRCDHCRVLFLDYVMFTIHMGCHGFRDP,151
0.0,FRDPFECNMCGYRSHDRYEFSSHIARGEHRAL,151
0.0,GENLCQCSICKACFSQRSDLYRHPRNHIGKKL,152
0.0,GENLCQCSICKACFSQRSDLYRHPRNHIGKKL,152
0.0,GEVPYSCNACGKSFSQISSLHNHQRVHTEEKF,152
0.0,GEKPFKCNQCGKSFNRSSVLHVHQRVHTGEKP,152
1.0,GEKPYKCDECGKGFSQSSNLRIHQLVHTGEKS,152
1.0,GEKSYKCEDCGKGFTQRSNLQIHQRVHTGEKP,152
1.0,GEKPYKCDDCGKDFSHSSDLRIHQRVHTGEKP,152
1.0,GEKPYTCPECGKGFSKSSKLHTHQRVHTGEKP,152
1.0,GEKPYKCEECGKGFSQRSHLLIHQRVHTGEKP,152
1.0,GEKPYKCHDCGKGFSHSSNLHIHQRVHTGEKP,152
0.0,GEKPYQCAKCGKGFSHSSALRIHQRVHAGEKP,152
0.0,GERGHRCSDCGKFFLQASNFIQHRRIHTGEKP,153
0.0,GEKPYKCQVCGKAFRVSSHLVQHHSVHSGERP,153
0.0,GERPYGCNECGKNFGRHSHLIEHLKRHFREKS,153
0.0,GERPHKCNECGKSFIQSAHLIQHQRIHTGEKP,153
1.0,GEKPFRCEECGKSYNQRVHLTQHQRVHTGEKP,153
1.0,GEKPYTCPLCGKAFRVRSHLVQHQSVHSGERP,153
1.0,GERPFKCNECGKGFGRRSHLAGHLRLHSREKS,153
0.0,REKSHQCRECGEIFFQYVSLIEHQVLHMGQKN,153
0.0,QEQPYQCDICGKAFGYSSDLIQHYRTHTAEKP,153
0.0,STKSHQCHECGRGFTLKSHLNQHQRIHTGEKP,153
0.0,GEKPFQCKECGMNFSWSCSLFKHLRSHERTDP,153
0.0,EKKTCKCKECGKSFCMLSQLTRHKRIHIRENS,154
0.0,EKKTCKCKECGKSFCMLSQLTRHKRIHIRENS,154
0.0,RENSHKCEECGKAFNQSSALTRHKMTHTGEKP,154
0.0,GEKPYKCEECGKAFNRSSHLTQHKVIHTREKP,154
0.0,REKPYKCEECGKAFNRSSHITQHKRIHNREKP,154
0.0,GEKPYKCEECGKAFNQSSALTRHKMIHTGEKP,154
0.0,GEKPFQCEECGKAFNRSSHLTQHKIIHTKEKP,154
0.0,KEKPYKCEECGKAFNRSSHLTKHKRIHTREKA,154
1.0,GEKPYKCEECGKAFNRSSYLIRHKIIHTGEKP,154
1.0,GEKPYKCEECGKAFNQSSHLTQHKIIHTGEKP,154
1.0,GEKPYKCEECGKAFNRSSHLSQHKIIHTGEKP,154
1.0,GEKPYKCEECGKPFNRFSYLTVHKRIHAGENP,154
1.0,SQKPHICDHCSAAFRSSYHLRRHVLIHTGERP,155
1.0,GERPFQCSQCSMGFIQKYLLQRHEKIHSREKP,155
1.0,REKPFGCDQCSMKFIQKYHMERHKRTHSGEKP,155
1.0,PLKNIKCTKCPEVFQGVEKLVFHMRAQHFIFM,156
1.0,QHFIFMCPRCGKQFNHSSNLNRHMNVHRGVKS,156
1.0,GVKSHSCGICGKCFTQKSTLHDHLNLHSGARP,156
0.0,GARPYRCSYCDVRFAHKPAIRRHLKEQHGKTT,156
